"bonica.rid","name","state","district","seat","cycle","Incum.Chall_2014","ran.general_2014","MissingCandidates_2014","winner_2014"
"cand6021","graylinda","AZ",1,"state:lower",2014,"",NA,0,""
"cand68976972","cucciafrankjames","AZ",1,"state:lower",2014,"",1,0,""
"cand34948","tobinandrewmichael","AZ",1,"state:lower",2014,"",NA,0,""
"cand68976985","englundsean","AZ",1,"state:lower",2014,"",NA,0,""
"cand6609","campbellnoel","AZ",1,"state:lower",2014,"",1,0,"W"
"cand68976990","clincodemion","AZ",2,"state:lower",2014,"I",1,1,""
"cand68976956","ringlerrichard","AZ",2,"state:lower",2014,"",NA,1,""
"cand122991","ackerleyjohnchristopher","AZ",2,"state:lower",2014,"",1,1,"W"
"cand5969","saldatemacarioiv","AZ",3,"state:lower",2014,"I",1,NA,"W"
"cand5941","gonzalessallyann","AZ",3,"state:lower",2014,"I",1,NA,"W"
"cand122992","escamillajuancarlos","AZ",4,"state:lower",2014,"",NA,1,""
"cand6492","hopkinsrichard","AZ",4,"state:lower",2014,"",1,1,""
"cand68977003","suarezjoseleonardo","AZ",4,"state:lower",2014,"",NA,1,""
"cand123067","borrellisonny","AZ",5,"state:lower",2014,"I",1,NA,"W"
"cand6855","goodaledoris","AZ",5,"state:lower",2014,"I",NA,NA,""
"cand68976995","cobbregina","AZ",5,"state:lower",2014,"",1,NA,"W"
"cand68976986","longoriajoseph","AZ",5,"state:lower",2014,"",1,NA,""
"cand123003","schnittgrundgeorge","AZ",5,"state:lower",2014,"",NA,NA,""
"cand5974","weisserbeth","AZ",5,"state:lower",2014,"",1,NA,""
"cand6003","bartonbrenda","AZ",6,"state:lower",2014,"I",1,NA,"W"
"cand68976982","thorperobertj","AZ",6,"state:lower",2014,"I",1,NA,"W"
"cand122998","ballarddouglasa","AZ",6,"state:lower",2014,"",NA,NA,""
"cand68976975","benallyjenniferdelphinems","AZ",7,"state:lower",2014,"",1,NA,"W"
"cand40312","halealbert","AZ",7,"state:lower",2014,"I",1,NA,"W"
"cand68976999","butlerjoshualavar","AZ",7,"state:lower",2014,"",NA,NA,""
"cand123069","shopethomasrjr","AZ",8,"state:lower",2014,"I",1,NA,""
"cand123069","shopethomasrjr","AZ",8,"state:lower",2014,"I",1,NA,""
"cand68977006","casillascarmen","AZ",8,"state:lower",2014,"",1,NA,"W"
"cand123010","steelevictoria","AZ",9,"state:lower",2014,"I",1,1,"W"
"cand68976970","frieserandalls","AZ",9,"state:lower",2014,"",1,1,"W"
"cand68976970","frieserandalls","AZ",9,"state:lower",2014,"",1,1,"W"
"cand5966","coxdustin","AZ",9,"state:lower",2014,"",NA,NA,""
"cand5971","wheelerbruce","AZ",10,"state:lower",2014,"I",1,NA,"W"
"cand123009","clodfeltertodd","AZ",10,"state:lower",2014,"",1,NA,""
"cand68976979","wildishwilliam","AZ",10,"state:lower",2014,"",1,NA,""
"cand123007","machstefanie","AZ",10,"state:lower",2014,"I",1,NA,"W"
"cand6049","vogtted","AZ",10,"state:lower",2014,"",NA,NA,""
"cand68976988","grantjo","AZ",11,"state:lower",2014,"",NA,1,""
"cand68976943","finchemmark","AZ",11,"state:lower",2014,"",1,1,"W"
"cand68976936","leachvendenwvince","AZ",11,"state:lower",2014,"",NA,1,"W"
"cand143056","kwasmanadam","AZ",11,"state:lower",2014,"I",NA,1,""
"cand68976938","westermanrobert","AZ",11,"state:lower",2014,"",NA,1,""
"cand68976919","josephdavidj","AZ",11,"state:lower",2014,"",NA,1,""
"cand123013","petersenwarren","AZ",12,"state:lower",2014,"I",1,1,""
"cand68976976","rothansdj","AZ",12,"state:lower",2014,"",1,1,"W"
"cand68976942","landisdianeh","AZ",13,"state:lower",2014,"",1,0,""
"cand123016","mitchelldarin","AZ",13,"state:lower",2014,"I",1,0,"W"
"cand68976977","hansensteve","AZ",13,"state:lower",2014,"",NA,0,""
"cand123016","mitchelldarin","AZ",13,"state:lower",2014,"",NA,0,""
"cand6763","gowandavid","AZ",14,"state:lower",2014,"I",1,1,"W"
"cand68976958","syfertsusan","AZ",14,"state:lower",2014,"",NA,1,""
"cand68976996","burtonjamesc","AZ",14,"state:lower",2014,"",1,1,""
"cand6010","carterheather","AZ",15,"state:lower",2014,"I",1,NA,""
"cand45786","smithdavidburnell","AZ",15,"state:lower",2014,"",NA,NA,""
"cand6744","allenjohnm","AZ",15,"state:lower",2014,"I",1,NA,"W"
"cand68976932","caseyheatherm","AZ",15,"state:lower",2014,"",NA,NA,"W"
"cand68976913","allenjhn","AZ",15,"state:lower",2014,"I",1,NA,"W"
"cand6010","carterheather","AZ",15,"state:lower",2014,"I",1,NA,"W"
"cand68976927","colemandouglaskent","AZ",16,"state:lower",2014,"I",1,1,"W"
"cand68976927","colemandouglaskent","AZ",16,"state:lower",2014,"I",1,1,"W"
"cand68976944","grierthomasjames","AZ",16,"state:lower",2014,"",NA,1,""
"cand68976951","stevensadam","AZ",16,"state:lower",2014,"",NA,1,""
"cand5928","fillmorejohn","AZ",16,"state:lower",2014,"",NA,1,""
"cand133183","priorcaralee","AZ",16,"state:lower",2014,"",1,1,""
"cand123019","davisjeff","AZ",16,"state:lower",2014,"",NA,1,""
"cand6037","mesnardjd","AZ",17,"state:lower",2014,"I",1,NA,"W"
"cand68976937","weningerjeff","AZ",17,"state:lower",2014,"",1,NA,"W"
"cand68976966","leedanielle","AZ",17,"state:lower",2014,"",1,NA,""
"cand123021","lathankaryn","AZ",17,"state:lower",2014,"",NA,NA,""
"cand53374","maysteve","AZ",17,"state:lower",2014,"",NA,NA,""
"cand68976940","norgaardjill","AZ",18,"state:lower",2014,"",1,1,"W"
"cand6773","robsonbob","AZ",18,"state:lower",2014,"I",1,1,"W"
"cand68976992","kingjohnr","AZ",18,"state:lower",2014,"",NA,1,""
"cand68977002","pheanisdavidcharles","AZ",18,"state:lower",2014,"",NA,1,""
"cand68976991","ryanscott","AZ",18,"state:lower",2014,"",NA,1,""
"cand5921","dialjeff","AZ",18,"state:lower",2014,"",NA,1,""
"cand123027","contrerasguadalupechaviramr","AZ",19,"state:lower",2014,"I",NA,1,""
"cand68976929","johnsonsophiae","AZ",19,"state:lower",2014,"",1,1,""
"cand68977038","espinozajosediego","AZ",19,"state:lower",2014,"",1,1,"W"
"cand68976949","schwabenlenderamyrose","AZ",20,"state:lower",2014,"",1,1,""
"cand68976933","kernanthonyt","AZ",20,"state:lower",2014,"",1,1,"W"
"cand68976981","riverojose","AZ",21,"state:lower",2014,"",NA,1,""
"cand104380","hackbarthbryan","AZ",21,"state:lower",2014,"",NA,1,""
"cand123039","lovasphil","AZ",22,"state:lower",2014,"I",1,1,"W"
"cand123034","livingstondavidalan","AZ",22,"state:lower",2014,"I",1,1,"W"
"cand68976998","woodslarry","AZ",22,"state:lower",2014,"",1,1,""
"cand68976947","carlsoneffie","AZ",23,"state:lower",2014,"",NA,1,""
"cand68976930","littlefieldbob","AZ",23,"state:lower",2014,"",NA,1,""
"cand68976941","schmidtchuck","AZ",23,"state:lower",2014,"",NA,1,""
"cand68976965","lawrencejay","AZ",23,"state:lower",2014,"",NA,1,"W"
"cand68976974","strasserjohnj","AZ",23,"state:lower",2014,"",NA,1,""
"cand6659","alstonlela","AZ",24,"state:lower",2014,"I",1,1,"W"
"cand6857","campbellchadanthony","AZ",24,"state:lower",2014,"I",NA,1,""
"cand68976960","fontesadrian","AZ",24,"state:lower",2014,"",NA,1,""
"cand68977009","cassidydanielj","AZ",24,"state:lower",2014,"",NA,1,""
"cand6033","olsonjustin","AZ",25,"state:lower",2014,"I",1,1,"W"
"cand6033","olsonjustin","AZ",25,"state:lower",2014,"I",1,1,"W"
"cand34943","bowersrussellwrusty","AZ",25,"state:lower",2014,"",1,1,"W"
"cand68976948","ogeasheila","AZ",25,"state:lower",2014,"",1,1,""
"cand123041","butlerdavid","AZ",25,"state:lower",2014,"",1,1,""
"cand68976957","walkerjerry","AZ",25,"state:lower",2014,"",NA,1,""
"cand5983","sherwoodandrew","AZ",26,"state:lower",2014,"I",1,1,"W"
"cand68976959","royjames","AZ",26,"state:lower",2014,"",1,1,""
"cand5983","sherwoodandrew","AZ",26,"state:lower",2014,"I",1,1,"W"
"cand6189","riosrebecca","AZ",27,"state:lower",2014,"",1,1,"W"
"cand68976973","quionezmarcelino","AZ",27,"state:lower",2014,"",NA,1,""
"cand6629","munoznorma","AZ",27,"state:lower",2014,"I",NA,1,""
"cand5993","torresangela","AZ",27,"state:lower",2014,"",NA,1,""
"cand68976892","mcgeekatebrophy","AZ",28,"state:lower",2014,"I",1,1,"W"
"cand68976993","velasquezceci","AZ",29,"state:lower",2014,"",NA,1,"W"
"cand68976962","garciadenicemartha","AZ",29,"state:lower",2014,"",NA,1,""
"cand68976994","chapmansteven","AZ",29,"state:lower",2014,"",NA,1,""
"cand123053","larkinjonathan","AZ",30,"state:lower",2014,"I",1,1,"W"
"cand123053","larkinjonathan","AZ",30,"state:lower",2014,"I",1,1,"W"
"cand104388","lyonjohn","AZ",30,"state:lower",2014,"",1,1,""
"cand68977007","garciaangeldiego","AZ",30,"state:lower",2014,"",1,1,""
"cand5999","fannkarenelizabethms","AZ",1,"state:lower",2014,"",NA,0,"W"
"cand6793","lopezlinda","AZ",2,"state:upper",2014,"",NA,1,""
"cand6313","dalessandroandrea","AZ",2,"state:upper",2014,"I",1,1,"W"
"cand6757","cajerobedfordolivia","AZ",3,"state:upper",2014,"I",1,NA,"W"
"cand68976983","baldenegrosalomonf","AZ",3,"state:upper",2014,"",NA,NA,""
"cand68976907","pancrazimargaretlynnemrs","AZ",4,"state:upper",2014,"I",1,NA,"W"
"cand68976989","uribeconnie","AZ",4,"state:upper",2014,"",1,NA,""
"cand68976907","pancrazimargaretlynnemrs","AZ",4,"state:upper",2014,"",NA,NA,""
"cand123055","wardkelli","AZ",5,"state:upper",2014,"I",1,NA,"W"
"cand6004","crandellchesterjmr","AZ",6,"state:upper",2014,"I",NA,1,""
"cand6796","ohallerantom","AZ",6,"state:upper",2014,"",1,1,""
"cand5972","begaycarlyle","AZ",7,"state:upper",2014,"I",1,NA,"W"
"cand123002","peshlakaijamescitamae","AZ",7,"state:upper",2014,"",NA,NA,""
"cand68976969","gneitingkellyleo","AZ",7,"state:upper",2014,"",1,NA,""
"cand6765","prattfrank","AZ",8,"state:upper",2014,"",NA,NA,""
"cand6765","prattfrank","AZ",8,"state:upper",2014,"",NA,NA,""
"cand68976984","peasealan","AZ",8,"state:upper",2014,"",NA,NA,""
"cand68976964","littletonirene","AZ",8,"state:upper",2014,"",1,NA,""
"cand6865","mcguirebarbara","AZ",8,"state:upper",2014,"I",1,NA,"W"
"cand6538","vangilderharold","AZ",8,"state:upper",2014,"",NA,NA,""
"cand6868","farleysteve","AZ",9,"state:upper",2014,"I",1,NA,"W"
"cand6794","bradleydavid","AZ",10,"state:upper",2014,"I",1,NA,"W"
"cand68976954","morrisonmarkedwin","AZ",10,"state:upper",2014,"",1,NA,""
"cand6794","bradleydavid","AZ",10,"state:upper",2014,"",NA,NA,""
"cand49323","antenorifrankr","AZ",10,"state:upper",2014,"",NA,NA,""
"cand6062","smithsteve","AZ",11,"state:upper",2014,"",1,1,"W"
"cand68976968","bartlescott","AZ",11,"state:upper",2014,"",NA,1,""
"cand6742","biggsandy","AZ",12,"state:upper",2014,"I",1,NA,"W"
"cand6742","biggsandy","AZ",12,"state:upper",2014,"I",1,NA,"W"
"cand6742","biggsandy","AZ",12,"state:upper",2014,"I",1,NA,"W"
"cand123013","petersenwarren","AZ",12,"state:upper",2014,"",NA,NA,""
"cand68976997","gloverscottrichmond","AZ",12,"state:upper",2014,"",1,NA,""
"cand68976961","baptistecerradamianmatthew","AZ",12,"state:upper",2014,"",NA,NA,""
"cand68976935","farmertoby","AZ",13,"state:upper",2014,"",NA,NA,""
"cand40248","shooterdon","AZ",13,"state:upper",2014,"I",1,NA,"W"
"cand6876","montenegrosteveb","AZ",13,"state:lower",2014,"",NA,NA,"W"
"cand68976925","woodmanseeterrilee","AZ",13,"state:upper",2014,"",1,NA,""
"cand6066","griffingail","AZ",14,"state:upper",2014,"I",1,NA,"W"
"cand6851","bartonancyk","AZ",15,"state:upper",2014,"I",1,NA,"W"
"cand6851","bartonancyk","AZ",15,"state:upper",2014,"I",1,NA,"W"
"cand68977000","ryandavidj","AZ",15,"state:upper",2014,"",NA,NA,""
"cand68976946","mcarthurtaylorrobin","AZ",16,"state:upper",2014,"",NA,1,""
"cand68976918","crandallrichard","AZ",16,"state:upper",2014,"",NA,1,""
"cand5926","farnsworthdavidchristian","AZ",16,"state:upper",2014,"I",1,1,"W"
"cand6743","yarbroughsteve","AZ",17,"state:upper",2014,"I",1,1,"W"
"cand6743","yarbroughsteve","AZ",17,"state:upper",2014,"I",1,1,"W"
"cand68976910","yarbroughstevenb","AZ",17,"state:upper",2014,"I",1,1,"W"
"cand6768","mccomishjohn","AZ",18,"state:upper",2014,"I",NA,NA,""
"cand5921","dialjeff","AZ",18,"state:upper",2014,"",1,NA,"W"
"cand5921","dialjeffa","AZ",18,"state:upper",2014,"",NA,NA,"W"
"cand68976980","morrisseythomas","AZ",18,"state:upper",2014,"",NA,NA,""
"cand123059","hydrickjanie","AZ",18,"state:upper",2014,"",1,NA,""
"cand34997","spinksmark","AZ",18,"state:upper",2014,"",NA,NA,""
"cand123027","contrerasguadalupechaviramr","AZ",19,"state:upper",2014,"",NA,NA,"W"
"cand6371","hobbsjoseph","AZ",19,"state:upper",2014,"",1,NA,""
"cand6619","coteraangela","AZ",19,"state:upper",2014,"",NA,NA,""
"cand123027","contrerasguadalupechaviramr","AZ",19,"state:upper",2014,"",1,NA,""
"cand6023","yeekimberly","AZ",20,"state:upper",2014,"I",1,NA,"W"
"cand68976934","henryjustindonnell","AZ",20,"state:upper",2014,"",NA,NA,""
"cand6217","kennedypatrice","AZ",20,"state:upper",2014,"",1,NA,""
"cand6701","quellanddoug","AZ",20,"state:upper",2014,"",1,NA,""
"cand6875","leskodebbie","AZ",21,"state:upper",2014,"",1,NA,"W"
"cand45765","murphyrick","AZ",21,"state:upper",2014,"",NA,NA,""
"cand68977004","vaskocarolyn","AZ",21,"state:upper",2014,"",1,NA,""
"cand6745","burgesjudy","AZ",22,"state:upper",2014,"I",1,1,"W"
"cand6745","burgesjudy","AZ",22,"state:upper",2014,"I",1,1,"W"
"cand6870","kavanaghjohn","AZ",23,"state:upper",2014,"",1,NA,"W"
"cand6017","pennypackerpaula","AZ",23,"state:upper",2014,"",1,NA,""
"cand5952","hobbskatie","AZ",24,"state:upper",2014,"I",1,1,"W"
"cand5952","hobbskatie","AZ",24,"state:upper",2014,"I",1,1,"W"
"cand68976955","lyonmichaelgale","AZ",24,"state:upper",2014,"",NA,1,""
"cand68976917","worsleyrobert","AZ",25,"state:upper",2014,"I",1,NA,"W"
"cand68976963","heapralpht","AZ",25,"state:upper",2014,"",NA,NA,""
"cand6465","zacharysteven","AZ",25,"state:upper",2014,"",1,NA,""
"cand126209","lewisjerry","AZ",26,"state:upper",2014,"",NA,1,""
"cand68976953","marquezaaronjoel","AZ",27,"state:upper",2014,"",NA,1,""
"cand5956","mirandacatherine","AZ",27,"state:upper",2014,"",1,1,"W"
"cand5956","mirandacatherine","AZ",27,"state:upper",2014,"",1,1,"W"
"cand68976953","marquezaaronjoel","AZ",27,"state:upper",2014,"",NA,1,""
"cand123027","contrerasvictorjett","AZ",27,"state:upper",2014,"",NA,1,""
"cand6858","driggsadam","AZ",28,"state:upper",2014,"I",1,NA,"W"
"cand123041","butlerkelli","AZ",28,"state:upper",2014,"",1,NA,""
"cand68977033","brophymcgeekate","AZ",28,"state:upper",2014,"",NA,NA,""
"cand6214","iannuzojames","AZ",28,"state:upper",2014,"",1,NA,""
"cand5875","meyereric","AZ",28,"state:upper",2014,"",NA,NA,""
"cand5950","quezadamartinj","AZ",29,"state:upper",2014,"",1,1,"W"
"cand6755","gallardosteve","AZ",29,"state:upper",2014,"",NA,1,""
"cand123047","hernandezlydia","AZ",29,"state:upper",2014,"",NA,1,""
"cand6850","mezarobert","AZ",30,"state:upper",2014,"I",1,NA,"W"
"cand6498","coxgary","AZ",30,"state:upper",2014,"",1,NA,""
"cand6850","mezarobert","AZ",30,"state:upper",2014,"I",1,NA,"W"
"cand69018748","ritter2012","CT",1,"state:lower",2014,"0",0,0,""
"cand69019533","ritter2014","CT",1,"state:lower",2014,"I",1,1,"W"
"cand137196","carterdaniele","CT",2,"state:lower",2014,"I",1,NA,"W"
"cand69018802","faycandace","CT",2,"state:lower",2014,"",1,NA,""
"cand123502","lunavictorm","CT",3,"state:lower",2014,"",1,1,""
"cand30350","gonzalezminnie","CT",3,"state:lower",2014,"I",1,1,"W"
"cand185657","arceangel","CT",4,"state:lower",2014,"I",1,NA,"W"
"cand123442","mcgeebrandonl","CT",5,"state:lower",2014,"I",1,NA,"W"
"cand30060","cantyleoc","CT",5,"state:lower",2014,"",NA,NA,""
"cand30490","vargasedwin","CT",6,"state:lower",2014,"I",1,1,"W"
"cand69019120","thompsondanieldonnay","CT",7,"state:lower",2014,"",1,NA,""
"cand31053","mccrorydouglas","CT",7,"state:lower",2014,"I",1,NA,"W"
"cand69018331","ortizanthonyj","CT",8,"state:lower",2014,"",1,NA,""
"cand30001","ackerttimothyj","CT",8,"state:lower",2014,"I",1,NA,"W"
"cand31088","rojasjason","CT",9,"state:lower",2014,"I",1,1,"W"
"cand31070","gengahenryj","CT",10,"state:lower",2014,"I",1,NA,"W"
"cand69036742","curreyjeffreya","CT",11,"state:lower",2014,"",1,1,"W"
"cand30058","luxenbergkelly","CT",12,"state:lower",2014,"",1,NA,"W"
"cand69019109","meekalfredrrusty","CT",12,"state:lower",2014,"",1,NA,""
"cand123467","tweediemark","CT",13,"state:lower",2014,"",1,NA,"W"
"cand69019266","diminicojosephj","CT",13,"state:lower",2014,"I",1,NA,""
"cand69018512","hockenberrymaryjustineo","CT",14,"state:lower",2014,"",1,NA,""
"cand69018987","amanwilliam","CT",14,"state:lower",2014,"I",1,NA,"W"
"cand30059","baramdavida","CT",15,"state:lower",2014,"I",1,NA,""
"cand69019532","mcgovernjames","CT",15,"state:lower",2014,"",1,NA,""
"cand30602","hamptonjohnk","CT",16,"state:lower",2014,"I",1,1,"W"
"cand69018842","cookcherylb","CT",16,"state:lower",2014,"",1,1,""
"cand31094","legeyttimothyb","CT",17,"state:lower",2014,"I",1,NA,"W"
"cand30247","fleischmannandrewm","CT",18,"state:lower",2014,"I",1,NA,"W"
"cand30063","beckerbrian","CT",19,"state:lower",2014,"I",1,NA,"W"
"cand35715","zydanowiczmarka","CT",19,"state:lower",2014,"",1,NA,""
"cand69019302","mcdermottandrewe","CT",20,"state:lower",2014,"",1,NA,""
"cand30422","verrengiajosephf","CT",20,"state:lower",2014,"I",1,NA,"W"
"cand30064","demiccomichael","CT",21,"state:lower",2014,"I",1,NA,"W"
"cand69019515","stoddardpattyh","CT",21,"state:lower",2014,"",1,NA,""
"cand30230","boukuselizabethabetty","CT",22,"state:lower",2014,"I",1,NA,"W"
"cand69018755","pugliesekatherinem","CT",22,"state:lower",2014,"",1,NA,""
"cand69019474","broderickrichardw","CT",22,"state:lower",2014,"",1,NA,""
"cand69018303","carneydevinr","CT",23,"state:lower",2014,"",1,NA,"W"
"cand69018881","laniervictoriak","CT",23,"state:lower",2014,"",NA,NA,""
"cand69018516","stonemary","CT",23,"state:lower",2014,"",1,NA,""
"cand123463","stillmanadam","CT",23,"state:lower",2014,"",NA,NA,""
"cand31027","giulianomarilyn","CT",23,"state:lower",2014,"",NA,NA,""
"cand142340","lopesrick","CT",24,"state:lower",2014,"I",1,NA,"W"
"cand69019280","bizzarrogennaro","CT",24,"state:lower",2014,"",1,NA,""
"cand69019413","colonedwardo","CT",25,"state:lower",2014,"",1,NA,""
"cand30982","sanchezrobertc","CT",25,"state:lower",2014,"I",1,NA,"W"
"cand31030","tercyakpeter","CT",26,"state:lower",2014,"I",1,NA,"W"
"cand69019560","ceglarzpiotrs","CT",26,"state:lower",2014,"",1,NA,""
"cand69019319","byrongaryp","CT",27,"state:lower",2014,"",1,NA,"W"
"cand69019465","anestcarola","CT",27,"state:lower",2014,"",1,NA,""
"cand69019094","hurleymikej","CT",28,"state:lower",2014,"",1,NA,""
"cand31076","morinrussella","CT",28,"state:lower",2014,"I",1,NA,"W"
"cand30807","guerreraantoniotony","CT",29,"state:lower",2014,"I",1,NA,"W"
"cand69019359","aresimowiczjosephs","CT",30,"state:lower",2014,"I",1,NA,"W"
"cand30106","srinivasanprasad","CT",31,"state:lower",2014,"I",1,NA,"W"
"cand69018374","richardskathleeng","CT",32,"state:lower",2014,"",1,NA,"W"
"cand30107","carpinochristiem","CT",32,"state:lower",2014,"I",1,NA,""
"cand69019106","salvatoreanthonytony","CT",32,"state:lower",2014,"",NA,NA,""
"cand69019164","szynkowiczlindaj","CT",33,"state:lower",2014,"",1,NA,""
"cand30295","serrajosephc","CT",33,"state:lower",2014,"I",1,NA,"W"
"cand69019171","perrottimimia","CT",34,"state:lower",2014,"I",1,NA,""
"cand123475","ziobronmelissah","CT",34,"state:lower",2014,"",1,NA,"W"
"cand123468","vicinotoma","CT",35,"state:lower",2014,"I",1,NA,""
"cand69018590","maclachlanjessed","CT",35,"state:lower",2014,"",1,NA,"W"
"cand30983","millerphilip","CT",36,"state:lower",2014,"I",1,NA,"W"
"cand69019256","siegristrobertw","CT",36,"state:lower",2014,"",1,NA,""
"cand31022","jutilaedwinj","CT",37,"state:lower",2014,"I",1,1,"W"
"cand69018868","collinsbillyg","CT",38,"state:lower",2014,"",1,NA,""
"cand69018811","balestraccimarca","CT",38,"state:lower",2014,"",1,NA,""
"cand30450","mccartykathleenm","CT",38,"state:lower",2014,"",1,NA,"W"
"cand31035","ritterelizabethb","CT",38,"state:lower",2014,"",NA,NA,""
"cand30112","siragusatony","CT",38,"state:lower",2014,"",NA,NA,""
"cand31007","hewetternest","CT",39,"state:lower",2014,"I",1,NA,"W"
"cand30113","lockwoodandrewr","CT",39,"state:lower",2014,"",1,NA,""
"cand31037","moukawsheredwarde","CT",40,"state:lower",2014,"I",1,NA,""
"cand69018634","scottjohnf","CT",40,"state:lower",2014,"",1,NA,"W"
"cand69019304","bumgardneraundrep","CT",41,"state:lower",2014,"",1,NA,"W"
"cand31080","wrightelissat","CT",41,"state:lower",2014,"I",1,NA,""
"cand125645","francemike","CT",42,"state:lower",2014,"",1,NA,"W"
"cand127633","bowlestimothyr","CT",42,"state:lower",2014,"I",1,NA,""
"cand125645","francefrederickm","CT",42,"state:lower",2014,"",NA,NA,""
"cand31056","urbandianas","CT",43,"state:lower",2014,"I",1,NA,"W"
"cand69019460","cartiermichaelj","CT",44,"state:lower",2014,"",NA,NA,""
"cand69019473","rosatichristine","CT",44,"state:lower",2014,"I",1,NA,"W"
"cand69019353","cesolinijonathand","CT",44,"state:lower",2014,"",1,NA,""
"cand69018108","bryckipaulj","CT",45,"state:lower",2014,"",1,NA,"W"
"cand69018399","normanstuartr","CT",45,"state:lower",2014,"",1,NA,""
"cand69018492","eighmerichardb","CT",45,"state:lower",2014,"",NA,NA,""
"cand132812","rileyemmettd","CT",46,"state:lower",2014,"I",1,1,"W"
"cand123457","searbrianh","CT",47,"state:lower",2014,"I",1,NA,""
"cand35732","dubitskydoug","CT",47,"state:lower",2014,"",1,NA,"W"
"cand69019597","meadowsmichaelp","CT",47,"state:lower",2014,"",NA,NA,""
"cand123390","enslownoahp","CT",47,"state:lower",2014,"",NA,NA,""
"cand30348","orangelindaa","CT",48,"state:lower",2014,"I",1,NA,"W"
"cand69018497","pauljasona","CT",48,"state:lower",2014,"",NA,NA,""
"cand186513","evansevana","CT",48,"state:lower",2014,"",1,NA,""
"cand69018187","eldridgeernest","CT",49,"state:lower",2014,"",1,NA,""
"cand30991","johnsonsusanm","CT",49,"state:lower",2014,"I",1,NA,"W"
"cand30998","albertsmike","CT",50,"state:lower",2014,"I",1,NA,"W"
"cand30068","roverodaniels","CT",51,"state:lower",2014,"I",1,NA,"W"
"cand69019158","lacasselindalouise","CT",52,"state:lower",2014,"",1,NA,""
"cand69018381","pinneydavida","CT",52,"state:lower",2014,"",1,NA,""
"cand69018384","vailkurt","CT",52,"state:lower",2014,"",1,NA,"W"
"cand69019045","hornanthonyj","CT",53,"state:lower",2014,"",NA,NA,""
"cand69019500","belsitosam","CT",53,"state:lower",2014,"I",1,NA,"W"
"cand69019127","field2014","CT",53,"state:lower",2014,"",1,NA,""
"cand31083","hurlburtbryan","CT",53,"state:lower",2014,"",NA,NA,""
"cand30069","haddadgregorys","CT",54,"state:lower",2014,"I",1,1,"W"
"cand69019602","labellajosepha","CT",55,"state:lower",2014,"",1,NA,""
"cand69018157","mulligangaylej","CT",55,"state:lower",2014,"",1,NA,"W"
"cand31068","janowskiclairel","CT",56,"state:lower",2014,"I",1,NA,"W"
"cand69019024","tedfordjamesr","CT",56,"state:lower",2014,"",1,NA,""
"cand30877","davischristopherc","CT",57,"state:lower",2014,"I",1,NA,"W"
"cand69018827","kidneynoele","CT",57,"state:lower",2014,"",1,NA,""
"cand123407","bowszajasone","CT",57,"state:lower",2014,"",NA,NA,""
"cand69019506","kienzlertom","CT",58,"state:lower",2014,"",1,NA,""
"cand123503","alexanderdavidj","CT",58,"state:lower",2014,"I",1,NA,"W"
"cand123408","boscojoe","CT",59,"state:lower",2014,"",NA,NA,""
"cand30071","kinerdavidw","CT",59,"state:lower",2014,"I",1,NA,"W"
"cand69018866","kwasnickirobertr","CT",59,"state:lower",2014,"",1,NA,""
"cand30928","sayerspeggy","CT",60,"state:lower",2014,"I",1,NA,"W"
"cand69019430","stormsscotta","CT",60,"state:lower",2014,"",1,NA,""
"cand69018520","doeringjosephm","CT",61,"state:lower",2014,"",1,NA,""
"cand123478","zawistowskitamiw","CT",61,"state:lower",2014,"I",1,NA,"W"
"cand69018304","hillpeterc","CT",61,"state:lower",2014,"",NA,NA,""
"cand30124","simanskiwilliamj","CT",62,"state:lower",2014,"I",1,NA,"W"
"cand69019047","solianimariep","CT",63,"state:lower",2014,"",1,NA,""
"cand30773","renzullomichaelj","CT",63,"state:lower",2014,"",NA,NA,""
"cand123412","casejaym","CT",63,"state:lower",2014,"I",1,NA,"W"
"cand69018567","lauretanomarka","CT",64,"state:lower",2014,"",NA,NA,""
"cand69018162","ohlerbrianm","CT",64,"state:lower",2014,"",1,NA,""
"cand31069","willisrobertab","CT",64,"state:lower",2014,"I",1,NA,"W"
"cand123454","nasiatkavivianr","CT",64,"state:lower",2014,"",NA,NA,""
"cand31113","cookmichellel","CT",65,"state:lower",2014,"I",1,NA,"W"
"cand69019406","farleydanielt","CT",65,"state:lower",2014,"",1,NA,""
"cand31061","minercraiga","CT",66,"state:lower",2014,"I",1,1,"W"
"cand123413","bucktaylorcecilia","CT",67,"state:lower",2014,"I",1,NA,"W"
"cand123503","alexandergalem","CT",67,"state:lower",2014,"",1,NA,""
"cand69018603","pollettajoseph","CT",68,"state:lower",2014,"",1,NA,""
"cand69019239","berthelericc","CT",68,"state:lower",2014,"",1,NA,"W"
"cand30273","oneillarthurj","CT",69,"state:lower",2014,"",1,NA,"W"
"cand30252","damelioanthonyj","CT",71,"state:lower",2014,"I",1,NA,"W"
"cand31085","butlerlarryb","CT",72,"state:lower",2014,"I",1,NA,"W"
"cand69018505","rodriguezrubena","CT",72,"state:lower",2014,"",1,NA,""
"cand30997","bergerjeffreyj","CT",73,"state:lower",2014,"I",1,1,"W"
"cand31042","noujaimselimg","CT",74,"state:lower",2014,"I",1,1,"W"
"cand123415","cuevasvictor","CT",75,"state:lower",2014,"I",1,NA,"W"
"cand123397","alsephjohn","CT",75,"state:lower",2014,"",1,NA,""
"cand30275","piscopojohne","CT",76,"state:lower",2014,"I",1,1,"W"
"cand31101","wrightchristophera","CT",77,"state:lower",2014,"I",1,NA,""
"cand69019187","pavalockcarac","CT",77,"state:lower",2014,"",1,NA,"W"
"cand69019038","santorsodaniel","CT",78,"state:lower",2014,"",1,NA,""
"cand30129","bettswhit","CT",78,"state:lower",2014,"I",1,NA,"W"
"cand31079","nicastrofrankn","CT",79,"state:lower",2014,"I",1,NA,"W"
"cand69018656","levesquejoshuam","CT",79,"state:lower",2014,"",1,NA,""
"cand31026","mazurekjohns","CT",80,"state:lower",2014,"",1,NA,""
"cand30132","sampsonrobc","CT",80,"state:lower",2014,"I",1,NA,"W"
"cand69019253","natellialberta","CT",81,"state:lower",2014,"",1,NA,""
"cand30680","zoniforstaterepresentative","CT",81,"state:lower",2014,"I",1,NA,"W"
"cand69018845","broekstrajoshua","CT",82,"state:lower",2014,"",1,NA,""
"cand30340","altobelloemilbuddy","CT",82,"state:lower",2014,"I",1,NA,"W"
"cand123461","sotopablo","CT",83,"state:lower",2014,"",1,NA,""
"cand31016","abercrombiecatherinef","CT",83,"state:lower",2014,"I",1,NA,"W"
"cand31090","santiagoforstaterepresentative","CT",84,"state:lower",2014,"I",1,NA,"W"
"cand69019150","apuzzofrankpjr","CT",85,"state:lower",2014,"",1,NA,""
"cand30271","mushinskymarym","CT",85,"state:lower",2014,"I",1,NA,"W"
"cand31073","candeloravincentj","CT",86,"state:lower",2014,"I",1,NA,"W"
"cand69019165","meadaldenw","CT",87,"state:lower",2014,"",1,NA,""
"cand30135","yaccarinodavidw","CT",87,"state:lower",2014,"I",1,NA,"W"
"cand31065","sharkeybrendan","CT",88,"state:lower",2014,"I",1,1,"W"
"cand123477","zupkuslezlyew","CT",89,"state:lower",2014,"I",1,NA,"W"
"cand30272","nardellovickieo","CT",89,"state:lower",2014,"",1,NA,""
"cand30249","fritzmaryg","CT",90,"state:lower",2014,"I",1,1,"W"
"cand30238","dillonpatricia","CT",92,"state:lower",2014,"I",1,1,""
"cand31044","walkertonie","CT",93,"state:lower",2014,"I",1,NA,"W"
"cand30453","porterrobyna","CT",94,"state:lower",2014,"I",1,NA,"W"
"cand69018939","rowelewisberitae","CT",94,"state:lower",2014,"",NA,NA,""
"cand69019355","harpreynaudl","CT",94,"state:lower",2014,"",NA,NA,""
"cand31023","candelariajuanr","CT",95,"state:lower",2014,"I",1,NA,"W"
"cand30077","lemarrolandj","CT",96,"state:lower",2014,"I",1,NA,"W"
"cand30915","cirellojohna","CT",97,"state:lower",2014,"",1,NA,""
"cand31064","megnarobertw","CT",97,"state:lower",2014,"I",1,NA,"W"
"cand30139","cartiercynthia","CT",98,"state:lower",2014,"",1,NA,""
"cand69019390","scanlonseanm","CT",98,"state:lower",2014,"",1,NA,"W"
"cand30985","albisjamesm","CT",99,"state:lower",2014,"I",1,NA,"W"
"cand69019000","gravinostacya","CT",99,"state:lower",2014,"",1,NA,""
"cand31102","lessermatthewl","CT",100,"state:lower",2014,"I",1,NA,"W"
"cand69018428","fernandezangelr","CT",100,"state:lower",2014,"",1,NA,""
"cand194310","kleckowskideborah","CT",100,"state:lower",2014,"",NA,NA,""
"cand69019362","taubesalexandert","CT",101,"state:lower",2014,"",1,NA,""
"cand30435","kokorudanoreens","CT",101,"state:lower",2014,"I",1,NA,"W"
"cand123455","nicholsonloria","CT",102,"state:lower",2014,"",NA,NA,""
"cand69018288","ciancipaul","CT",102,"state:lower",2014,"",1,NA,""
"cand31103","reedlonnie","CT",102,"state:lower",2014,"I",1,NA,"W"
"cand30898","adinolfialfredc","CT",103,"state:lower",2014,"I",1,NA,""
"cand69018194","selleckkristen","CT",103,"state:lower",2014,"",1,NA,"W"
"cand69019063","giannonegaryw","CT",104,"state:lower",2014,"",NA,NA,""
"cand31002","gentilelindam","CT",104,"state:lower",2014,"I",1,1,"W"
"cand69019061","demkorichardl","CT",105,"state:lower",2014,"",NA,NA,""
"cand30344","greeneleonardc","CT",105,"state:lower",2014,"",NA,NA,""
"cand31104","conroytheresaw","CT",105,"state:lower",2014,"I",1,1,"W"
"cand69018906","colematthewg","CT",106,"state:lower",2014,"",1,NA,""
"cand123403","bolinskymitch","CT",106,"state:lower",2014,"I",1,NA,"W"
"cand69018536","smolnikdanm","CT",107,"state:lower",2014,"",1,NA,""
"cand30343","scribnerdavida","CT",107,"state:lower",2014,"I",1,NA,"W"
"cand69019078","lasserhoward","CT",107,"state:lower",2014,"",NA,NA,""
"cand30144","smithricharda","CT",108,"state:lower",2014,"I",1,NA,"W"
"cand123398","arcontidavida","CT",109,"state:lower",2014,"I",1,NA,"W"
"cand69019367","stanleyjoshuam","CT",109,"state:lower",2014,"",1,NA,""
"cand30253","godfreybob","CT",110,"state:lower",2014,"I",1,1,"W"
"cand30827","freyjohnh","CT",111,"state:lower",2014,"I",1,1,"W"
"cand69018113","sredzinskijp","CT",112,"state:lower",2014,"",1,NA,"W"
"cand69018100","aguilarjen","CT",112,"state:lower",2014,"",1,NA,""
"cand31092","perillojasond","CT",113,"state:lower",2014,"I",1,NA,"W"
"cand123429","hynesaldonm","CT",114,"state:lower",2014,"",1,NA,""
"cand30842","klaridesthemis","CT",114,"state:lower",2014,"I",1,NA,"W"
"cand30236","darganstephend","CT",115,"state:lower",2014,"I",1,NA,"W"
"cand30241","mullinsstevenr","CT",116,"state:lower",2014,"",1,NA,""
"cand30242","espositolouisp","CT",116,"state:lower",2014,"I",1,NA,"W"
"cand31020","davispaul","CT",117,"state:lower",2014,"I",1,NA,""
"cand69019391","ferrarocharlesj","CT",117,"state:lower",2014,"",1,NA,"W"
"cand30081","rosekimm","CT",118,"state:lower",2014,"I",1,NA,"W"
"cand30670","vitaliraymondg","CT",118,"state:lower",2014,"",1,NA,""
"cand123436","maroneyjamesj","CT",119,"state:lower",2014,"I",1,NA,""
"cand30617","staneskipam","CT",119,"state:lower",2014,"",1,NA,"W"
"cand30149","hoydicklaurar","CT",120,"state:lower",2014,"I",1,1,"W"
"cand30226","backerterrencee","CT",121,"state:lower",2014,"I",1,NA,""
"cand69018582","fredetterichardf","CT",121,"state:lower",2014,"",1,NA,""
"cand30226","backerterry","CT",121,"state:lower",2014,"",NA,NA,"W"
"cand69019495","crudojosephg","CT",121,"state:lower",2014,"",NA,NA,""
"cand69019198","mcgortyben","CT",122,"state:lower",2014,"I",1,NA,"W"
"cand69018647","vickerellimichael","CT",122,"state:lower",2014,"",NA,NA,""
"cand30482","liscinskyarlene","CT",122,"state:lower",2014,"",NA,NA,""
"cand69018173","sutherlanddouglasg","CT",123,"state:lower",2014,"",1,NA,""
"cand123447","rutiglianodavidj","CT",123,"state:lower",2014,"I",1,NA,"W"
"cand69019461","bakerandref","CT",124,"state:lower",2014,"",1,NA,"W"
"cand30256","newtonerneste","CT",124,"state:lower",2014,"",NA,NA,""
"cand69019255","odeathomasp","CT",125,"state:lower",2014,"I",1,NA,"W"
"cand69018569","stallworthcharles","CT",126,"state:lower",2014,"I",1,NA,"W"
"cand31000","hennessyjohnfjack","CT",127,"state:lower",2014,"I",1,NA,"W"
"cand103468","bookethan","CT",128,"state:lower",2014,"",1,NA,""
"cand69018217","davidsonteresa","CT",128,"state:lower",2014,"",NA,NA,""
"cand69018631","rosariochristopher","CT",128,"state:lower",2014,"",1,NA,"W"
"cand69018359","bradleyforbridgeport","CT",128,"state:lower",2014,"",NA,NA,""
"cand123400","reelectrepresentativeayala2014","CT",128,"state:lower",2014,"I",NA,NA,""
"cand123400","ayalachristinam","CT",128,"state:lower",2014,"I",NA,NA,""
"cand123499","reyesangeland","CT",128,"state:lower",2014,"",NA,NA,""
"cand123400","ayalachristinamtita","CT",128,"state:lower",2014,"",NA,NA,""
"cand31112","groginsauden","CT",129,"state:lower",2014,"I",1,NA,"W"
"cand31090","santiagoezequiel","CT",130,"state:lower",2014,"I",1,NA,"W"
"cand69019480","goodmandavids","CT",130,"state:lower",2014,"",1,NA,""
"cand123431","iannuzzijohnj","CT",130,"state:lower",2014,"",NA,NA,""
"cand31046","labrioladavidk","CT",131,"state:lower",2014,"I",1,NA,"W"
"cand30150","kupchickbrendal","CT",132,"state:lower",2014,"I",1,NA,"W"
"cand123505","coynerkevinb","CT",132,"state:lower",2014,"",1,NA,""
"cand69019475","waggnermatthewr","CT",133,"state:lower",2014,"",NA,NA,""
"cand69018254","vaheycristinmccarthy","CT",133,"state:lower",2014,"",1,NA,"W"
"cand69019160","waycarolj","CT",133,"state:lower",2014,"",1,NA,""
"cand69018427","cooklittmantara","CT",134,"state:lower",2014,"",1,NA,"W"
"cand69018230","devlinlauram","CT",134,"state:lower",2014,"",1,NA,""
"cand143135","shabanjohnt","CT",135,"state:lower",2014,"I",1,NA,"W"
"cand69018449","briggsbrandid","CT",136,"state:lower",2014,"",1,NA,""
"cand30083","steinbergjonathanp","CT",136,"state:lower",2014,"I",1,NA,"W"
"cand31043","peronechris","CT",137,"state:lower",2014,"I",1,1,"W"
"cand69018565","wattsdavida","CT",137,"state:lower",2014,"",NA,1,""
"cand69019059","hallhenryh","CT",138,"state:lower",2014,"",1,NA,""
"cand31029","gieglerjanicer","CT",138,"state:lower",2014,"I",1,NA,"W"
"cand30282","ryankevin","CT",139,"state:lower",2014,"",NA,NA,"W"
"cand30655","penawarrena","CT",140,"state:lower",2014,"",NA,NA,""
"cand30347","morrisbrucev","CT",140,"state:lower",2014,"I",1,NA,"W"
"cand31108","woodterriee","CT",141,"state:lower",2014,"I",1,NA,"W"
"cand69019129","garfunkelandy","CT",142,"state:lower",2014,"",1,NA,""
"cand69018202","wilsonemilyd","CT",142,"state:lower",2014,"",NA,NA,""
"cand30386","wilmsfred","CT",142,"state:lower",2014,"",1,NA,"W"
"cand30155","laviellegail","CT",143,"state:lower",2014,"I",1,NA,"W"
"cand69018255","rodgersonkeith","CT",143,"state:lower",2014,"",1,NA,""
"cand69018272","quinonesmatthew","CT",144,"state:lower",2014,"",NA,NA,""
"cand69018817","simmonscarolineb","CT",144,"state:lower",2014,"",1,NA,"W"
"cand30156","molganomichaell","CT",144,"state:lower",2014,"I",1,NA,""
"cand123449","pollardmichaele","CT",144,"state:lower",2014,"",NA,NA,""
"cand31091","millerpatriciabillie","CT",145,"state:lower",2014,"I",1,NA,"W"
"cand69019238","dellacortematthew","CT",145,"state:lower",2014,"",NA,NA,""
"cand69018912","mccleancarolann","CT",145,"state:lower",2014,"",1,NA,""
"cand123466","trofortfrancky","CT",145,"state:lower",2014,"",NA,NA,""
"cand69018259","adamsterryb","CT",146,"state:lower",2014,"",1,NA,"W"
"cand30157","ryankieranm","CT",146,"state:lower",2014,"",1,NA,""
"cand135826","mahoneydennise","CT",147,"state:lower",2014,"",1,NA,""
"cand104490","tongwilliamm","CT",147,"state:lower",2014,"I",1,NA,"W"
"cand30993","foxdanielj","CT",148,"state:lower",2014,"I",1,NA,"W"
"cand69018531","apontebenjamin","CT",148,"state:lower",2014,"",1,NA,""
"cand30181","balestrierephilip","CT",148,"state:lower",2014,"",NA,NA,""
"cand30000","abramsmarcar","CT",149,"state:lower",2014,"",NA,NA,""
"cand123473","walkostepheng","CT",150,"state:lower",2014,"",NA,NA,""
"cand69019422","bocchinomike","CT",150,"state:lower",2014,"",1,NA,"W"
"cand69018556","oberlanderjill","CT",150,"state:lower",2014,"",1,NA,""
"cand123448","paulmenostephanier","CT",150,"state:lower",2014,"",NA,NA,""
"cand31110","camillofredf","CT",151,"state:lower",2014,"I",1,NA,"W"
"cand30248","fonfarajohnw","CT",1,"state:upper",2014,"I",1,1,"W"
"cand30211","colemanericd","CT",2,"state:upper",2014,"I",1,NA,"W"
"cand69018945","tilletttheresa","CT",2,"state:upper",2014,"",1,NA,""
"cand69018392","woodenshawnt","CT",2,"state:upper",2014,"",NA,NA,""
"cand69019432","harrisdonaldf","CT",2,"state:upper",2014,"",NA,NA,""
"cand31093","larsontimothyd","CT",3,"state:upper",2014,"",1,NA,"W"
"cand69019570","kellyseanc","CT",3,"state:upper",2014,"",1,NA,""
"cand30345","lebeaugaryd","CT",3,"state:upper",2014,"",NA,NA,""
"cand30087","cassanostephent","CT",4,"state:upper",2014,"I",1,NA,"W"
"cand69019176","osgoodwhit","CT",4,"state:upper",2014,"",1,NA,""
"cand30673","wadsworthwilliama","CT",5,"state:upper",2014,"",1,NA,""
"cand31082","byebetha","CT",5,"state:upper",2014,"I",1,NA,"W"
"cand46298","gerratanaterryb","CT",6,"state:upper",2014,"I",1,NA,"W"
"cand69018459","foxxjohnc","CT",7,"state:upper",2014,"",1,NA,""
"cand30221","kisseljohna","CT",7,"state:upper",2014,"I",1,NA,"W"
"cand31050","witkoskevind","CT",8,"state:upper",2014,"I",1,NA,"W"
"cand69018913","osbornemelissae","CT",8,"state:upper",2014,"",1,NA,""
"cand123486","doyleforstatesenate","CT",9,"state:upper",2014,"I",1,1,"W"
"cand31111","winfieldgarya","CT",10,"state:upper",2014,"I",1,NA,"W"
"cand30241","mullinsstevenr","CT",10,"state:upper",2014,"",NA,NA,""
"cand30219","harptonin","CT",10,"state:upper",2014,"",NA,NA,""
"cand30222","looneymartinm","CT",11,"state:upper",2014,"I",1,NA,"W"
"cand69018566","kennedytedjr","CT",12,"state:upper",2014,"",1,NA,"W"
"cand69018564","wilsonbrucehjr","CT",12,"state:upper",2014,"",1,NA,""
"cand30139","cartiercynthia","CT",12,"state:upper",2014,"",NA,NA,""
"cand30323","suziolen","CT",13,"state:upper",2014,"",1,NA,""
"cand123484","bartolomeodantejc","CT",13,"state:upper",2014,"I",1,NA,"W"
"cand30323","suzioleonardf","CT",13,"state:upper",2014,"",1,NA,""
"cand69019057","gaynormatthewd","CT",14,"state:upper",2014,"",1,NA,""
"cand31033","slossberggayles","CT",14,"state:upper",2014,"I",1,NA,"W"
"cand30259","hartleyjoanv","CT",15,"state:upper",2014,"I",1,NA,"W"
"cand69019049","shehukarld","CT",15,"state:upper",2014,"",1,NA,""
"cand69018338","mazurekjohncorky","CT",16,"state:upper",2014,"",NA,NA,""
"cand69019471","robertsonchristopherr","CT",16,"state:upper",2014,"",1,NA,""
"cand69018917","markleyjosephc","CT",16,"state:upper",2014,"I",1,NA,"W"
"cand30213","criscojosephj","CT",17,"state:upper",2014,"I",1,NA,"W"
"cand69019504","trippphilipm","CT",17,"state:upper",2014,"",1,NA,""
"cand31006","maynardandrewm","CT",18,"state:upper",2014,"I",1,1,"W"
"cand30066","ostencatherinea","CT",19,"state:upper",2014,"I",1,NA,"W"
"cand69018098","everettstevenm","CT",19,"state:upper",2014,"",1,NA,""
"cand69018214","sattiwilliaml","CT",20,"state:upper",2014,"",NA,NA,""
"cand69019087","formicapaulm","CT",20,"state:upper",2014,"",1,NA,"W"
"cand69018871","ritterelizabethb","CT",20,"state:upper",2014,"",1,NA,""
"cand30163","kellykevinc","CT",21,"state:upper",2014,"I",1,NA,"W"
"cand69018731","palmerprez","CT",21,"state:upper",2014,"",1,NA,""
"cand31049","mustoanthonyj","CT",22,"state:upper",2014,"I",NA,NA,""
"cand69018918","costantinienricor","CT",22,"state:upper",2014,"",1,NA,""
"cand30418","mooremarilynv","CT",22,"state:upper",2014,"",1,NA,"W"
"cand69019577","hughesscotta","CT",23,"state:upper",2014,"",NA,NA,""
"cand31075","ayalaandres","CT",23,"state:upper",2014,"I",1,NA,"W"
"cand30220","mizeracasimira","CT",23,"state:upper",2014,"",NA,NA,""
"cand31100","mclachlanmichaela","CT",24,"state:upper",2014,"I",1,NA,"W"
"cand31028","duffbob","CT",25,"state:upper",2014,"I",1,NA,"W"
"cand69019571","dunnewilliamp","CT",25,"state:upper",2014,"",1,NA,""
"cand69018875","navarroisrael","CT",25,"state:upper",2014,"",NA,NA,""
"cand69018820","sharlachphilip","CT",26,"state:upper",2014,"",1,NA,""
"cand69018437","reddywalterb","CT",26,"state:upper",2014,"",NA,NA,""
"cand30919","boucherantoniettatoni","CT",26,"state:upper",2014,"I",1,NA,"W"
"cand30919","bouchertoni","CT",26,"state:upper",2014,"",NA,NA,"W"
"cand123482","currycarolanne","CT",26,"state:upper",2014,"",NA,NA,""
"cand31008","leonecarlo","CT",27,"state:upper",2014,"I",1,NA,"W"
"cand123437","maldonadoevaa","CT",27,"state:upper",2014,"",1,NA,""
"cand69019189","hwanganthony","CT",28,"state:upper",2014,"",1,NA,"W"
"cand31074","fawcettkim","CT",28,"state:upper",2014,"",1,NA,""
"cand69018287","gonzaleznelsonh","CT",28,"state:upper",2014,"",NA,NA,""
"cand69019477","frenchjohne","CT",29,"state:upper",2014,"",1,NA,""
"cand31095","flexermaeme","CT",29,"state:upper",2014,"",1,NA,"W"
"cand30224","williamsdonalde","CT",29,"state:upper",2014,"",NA,NA,""
"cand135822","riiskawilliamo","CT",30,"state:upper",2014,"",1,NA,""
"cand31058","chapinclarkj","CT",30,"state:upper",2014,"I",1,NA,"W"
"cand31061","minercraiga","CT",30,"state:upper",2014,"",NA,NA,""
"cand69019028","rochedavida","CT",31,"state:upper",2014,"",NA,NA,""
"cand30167","welchjasonc","CT",31,"state:upper",2014,"",NA,NA,""
"cand69019285","martinhenrir","CT",31,"state:upper",2014,"",1,NA,"W"
"cand69018121","michalikroberta","CT",31,"state:upper",2014,"",1,NA,""
"cand31089","kanerobertj","CT",32,"state:upper",2014,"I",1,NA,"W"
"cand69018862","orsinidonato","CT",32,"state:upper",2014,"",1,NA,""
"cand123495","linaresart","CT",33,"state:upper",2014,"I",1,NA,"W"
"cand69018166","bjornbergemily","CT",33,"state:upper",2014,"",1,NA,""
"cand31025","fasanoleonarda","CT",34,"state:upper",2014,"",1,NA,"W"
"cand30218","guglielmotony","CT",35,"state:upper",2014,"I",1,NA,"W"
"cand69018666","loftuswilliamp","CT",35,"state:upper",2014,"",NA,NA,""
"cand31106","frantzlscott","CT",36,"state:upper",2014,"I",1,NA,"W"
"cand133142","rykersondeane","ME",1,"state:lower",2014,"I",1,NA,"W"
"cand68967597","pelletierjeffreyw","ME",1,"state:lower",2014,"",1,NA,""
"cand68030","beaversrobertab","ME",2,"state:lower",2014,"I",1,NA,"W"
"cand68967618","moynahanjonathanm","ME",2,"state:lower",2014,"",1,NA,""
"cand68967570","donaldmcgowanpaul","ME",3,"state:lower",2014,"I",NA,NA,""
"cand133135","kyricosarthur","ME",3,"state:lower",2014,"",1,NA,""
"cand68967680","blumelydiac","ME",3,"state:lower",2014,"",1,NA,"W"
"cand68967572","hymansonpatricia","ME",4,"state:lower",2014,"",1,NA,"W"
"cand68619","moultonbradleys","ME",4,"state:lower",2014,"",1,NA,""
"cand125541","plantejoshuar","ME",5,"state:lower",2014,"I",1,NA,""
"cand69537","oconnorbetha","ME",5,"state:lower",2014,"",1,NA,"W"
"cand68967625","prescotttoddw","ME",6,"state:lower",2014,"",1,NA,""
"cand69888","evesmarkw","ME",6,"state:lower",2014,"I",1,NA,"W"
"cand68967562","howardjoachimh","ME",7,"state:lower",2014,"",1,NA,"W"
"cand68967638","leonpeterw","ME",7,"state:lower",2014,"",NA,NA,""
"cand68967413","foleyroberta","ME",7,"state:lower",2014,"",1,NA,""
"cand68774","babbidgechristopherw","ME",8,"state:lower",2014,"",1,NA,"W"
"cand68967555","karytkoedward","ME",8,"state:lower",2014,"",1,NA,""
"cand125569","speyadamh","ME",8,"state:lower",2014,"",NA,NA,""
"cand68212","fitzpatrickjoycea","ME",8,"state:lower",2014,"",NA,NA,""
"cand68967513","denkdianem","ME",9,"state:lower",2014,"",1,NA,""
"cand68419","stedmanseaveyh","ME",9,"state:lower",2014,"",1,NA,"W"
"cand68967596","davidoffamyj","ME",10,"state:lower",2014,"",1,NA,""
"cand69550","parrywayner","ME",10,"state:lower",2014,"I",1,NA,"W"
"cand68967527","flooddavidc","ME",11,"state:lower",2014,"",NA,NA,""
"cand68967529","davisdebia","ME",11,"state:lower",2014,"",1,NA,""
"cand68967362","fecteauryanm","ME",11,"state:lower",2014,"",1,NA,"W"
"cand68967552","thompsonbarbraj","ME",12,"state:lower",2014,"",1,NA,""
"cand68967595","grohmanmartinj","ME",12,"state:lower",2014,"",1,NA,"W"
"cand133094","aberleperryv","ME",12,"state:lower",2014,"",1,NA,""
"cand68747","hogangeorgewsr","ME",13,"state:lower",2014,"",1,NA,"W"
"cand133809","macdonaldsharrik","ME",13,"state:lower",2014,"I",1,NA,""
"cand47150","hobbinsbarryj","ME",14,"state:lower",2014,"I",1,NA,"W"
"cand125442","chenettejustinm","ME",15,"state:lower",2014,"I",1,NA,"W"
"cand68967684","pattersoncarola","ME",15,"state:lower",2014,"",1,NA,""
"cand68769","mareandonaldg","ME",16,"state:lower",2014,"I",1,NA,"W"
"cand68552","usherronalde","ME",16,"state:lower",2014,"",1,NA,""
"cand68967632","cecilwoodsomedavid","ME",17,"state:lower",2014,"",NA,NA,""
"cand68967611","willisprescottdwayne","ME",17,"state:lower",2014,"",1,NA,"W"
"cand125521","mastraccioannemarie","ME",18,"state:lower",2014,"I",1,NA,"W"
"cand68967591","frohloffgordone","ME",18,"state:lower",2014,"",1,NA,""
"cand68967653","harringtonmatthewa","ME",19,"state:lower",2014,"",1,NA,""
"cand133053","noonwilliamf","ME",19,"state:lower",2014,"I",1,NA,"W"
"cand68967457","harrishowardbettiek","ME",20,"state:lower",2014,"",1,NA,""
"cand68967441","thorpharrisonm","ME",20,"state:lower",2014,"",NA,NA,""
"cand68967428","gerrishkarena","ME",20,"state:lower",2014,"",1,NA,"W"
"cand68967712","thorpharrison","ME",20,"state:lower",2014,"",NA,NA,""
"cand68967685","boucherfrankl","ME",21,"state:lower",2014,"",1,NA,"W"
"cand127233","campbelljamesj","ME",21,"state:lower",2014,"I",1,NA,""
"cand125498","kinneyjonathanl","ME",22,"state:lower",2014,"I",1,1,"W"
"cand69825","shawmichaela","ME",23,"state:lower",2014,"I",1,NA,"W"
"cand68967502","ordwaylesters","ME",23,"state:lower",2014,"",1,NA,""
"cand68967551","welchdennise","ME",24,"state:lower",2014,"",1,NA,""
"cand68797","bryantmarke","ME",24,"state:lower",2014,"",1,NA,"W"
"cand125545","pringlejanep","ME",25,"state:lower",2014,"I",NA,NA,""
"cand68967512","coreypatrickw","ME",25,"state:lower",2014,"",1,NA,"W"
"cand68967651","butlerjenniel","ME",25,"state:lower",2014,"",1,NA,""
"cand69886","sanbornlindaf","ME",26,"state:lower",2014,"I",1,NA,"W"
"cand68622","davispault","ME",26,"state:lower",2014,"",NA,NA,""
"cand68967589","kinneytylerk","ME",27,"state:lower",2014,"",1,NA,""
"cand125526","mcleanandrewj","ME",27,"state:lower",2014,"I",1,NA,"W"
"cand68967530","elydwighth","ME",28,"state:lower",2014,"",NA,NA,""
"cand68355","sirockiheatherw","ME",28,"state:lower",2014,"I",NA,NA,"W"
"cand125423","aransonpaul","ME",29,"state:lower",2014,"",1,NA,""
"cand68967553","vachonkarenr","ME",29,"state:lower",2014,"",1,NA,"W"
"cand68967686","wilcoxpaulines","ME",30,"state:lower",2014,"",1,NA,""
"cand125600","monaghanderrigkimberlyj","ME",30,"state:lower",2014,"I",1,NA,"W"
"cand69885","morrisonterryk","ME",31,"state:lower",2014,"I",1,NA,"W"
"cand125482","hamannscottm","ME",32,"state:lower",2014,"I",1,NA,"W"
"cand68967661","reddyandrew","ME",33,"state:lower",2014,"",1,NA,""
"cand68967533","deangelisrosemarie","ME",33,"state:lower",2014,"",1,NA,""
"cand145034","battlekevinj","ME",33,"state:lower",2014,"",1,NA,"W"
"cand125473","gattineandrewm","ME",34,"state:lower",2014,"I",1,1,"W"
"cand68967540","salisburysuzannem","ME",35,"state:lower",2014,"",NA,NA,""
"cand68967198","batesdillonf","ME",35,"state:lower",2014,"",1,NA,"W"
"cand68967487","downingemilys","ME",35,"state:lower",2014,"",1,NA,""
"cand68967451","chandlersamuelk","ME",36,"state:lower",2014,"",1,1,""
"cand68182","harlowdenisep","ME",36,"state:lower",2014,"I",1,1,"W"
"cand68127","farnsworthrichardr","ME",37,"state:lower",2014,"I",1,NA,"W"
"cand125531","moonenmatthew","ME",38,"state:lower",2014,"I",1,1,"W"
"cand68967425","macmillanthomasr","ME",38,"state:lower",2014,"",1,1,""
"cand69890","russelldianem","ME",39,"state:lower",2014,"I",1,NA,"W"
"cand68967682","besankolaurenm","ME",39,"state:lower",2014,"",1,NA,""
"cand68344","chipmanbenjaminm","ME",40,"state:lower",2014,"I",1,NA,"W"
"cand125421","adamsherbertc","ME",40,"state:lower",2014,"",1,NA,""
"cand68967509","lockmanmarka","ME",40,"state:lower",2014,"",1,NA,""
"cand68967476","jorgensenerikc","ME",41,"state:lower",2014,"I",1,NA,"W"
"cand68967602","azzolajamesh","ME",41,"state:lower",2014,"",1,NA,""
"cand69883","stuckeypeterc","ME",42,"state:lower",2014,"I",1,1,"W"
"cand125544","poultonrandalll","ME",42,"state:lower",2014,"",NA,1,""
"cand68331","dionmarkn","ME",43,"state:lower",2014,"I",1,1,"W"
"cand68967541","pierceteresas","ME",44,"state:lower",2014,"",1,NA,"W"
"cand68967586","payeurgregorys","ME",44,"state:lower",2014,"",1,NA,""
"cand68967518","timmonsmichaelj","ME",45,"state:lower",2014,"",1,NA,"W"
"cand68967547","dennodale","ME",45,"state:lower",2014,"",1,NA,""
"cand125502","kumiszczajosephf","ME",45,"state:lower",2014,"",NA,NA,""
"cand68313","grahamannep","ME",46,"state:lower",2014,"I",1,NA,""
"cand68967679","chacepaul","ME",46,"state:lower",2014,"",1,NA,"W"
"cand125436","cooperjanicee","ME",47,"state:lower",2014,"I",1,NA,"W"
"cand68967545","snowrichardv","ME",47,"state:lower",2014,"",1,NA,""
"cand125474","gideonsara","ME",48,"state:lower",2014,"I",1,NA,"W"
"cand68967627","schulzpaulb","ME",48,"state:lower",2014,"",1,NA,""
"cand133140","daughtrymattheae","ME",49,"state:lower",2014,"I",1,NA,"W"
"cand68967559","stevensmichaelr","ME",49,"state:lower",2014,"",1,NA,""
"cand134752","holbrookmarki","ME",50,"state:lower",2014,"",1,NA,""
"cand68967353","tuckerralphl","ME",50,"state:lower",2014,"",1,NA,"W"
"cand68967389","sartorisjacqueline","ME",50,"state:lower",2014,"",NA,NA,""
"cand68967550","watsonbyrond","ME",51,"state:lower",2014,"",1,NA,""
"cand125557","saxtonjeremyg","ME",51,"state:lower",2014,"I",NA,NA,""
"cand68967671","jaymccreightjoyce","ME",51,"state:lower",2014,"",1,NA,"W"
"cand125430","dechantjennifer","ME",52,"state:lower",2014,"I",1,1,"W"
"cand68967391","piercejeffreyk","ME",53,"state:lower",2014,"",1,NA,"W"
"cand69868","kentpeters","ME",53,"state:lower",2014,"I",1,NA,""
"cand69725","teplerdenise","ME",54,"state:lower",2014,"",1,NA,"W"
"cand68967578","talbotkimj","ME",54,"state:lower",2014,"",1,NA,""
"cand68967567","stromgrendaniell","ME",54,"state:lower",2014,"",1,NA,""
"cand68967474","dolansusanl","ME",54,"state:lower",2014,"",NA,NA,""
"cand68373","hobartbriand","ME",55,"state:lower",2014,"",1,NA,"W"
"cand68967590","beckwithdeano","ME",55,"state:lower",2014,"",NA,NA,""
"cand68967462","elliottaliced","ME",55,"state:lower",2014,"",1,NA,""
"cand68623","craftsdalej","ME",56,"state:lower",2014,"I",1,NA,"W"
"cand68251","woodstephenj","ME",57,"state:lower",2014,"I",1,NA,"W"
"cand133133","versluiskatherinee","ME",57,"state:lower",2014,"",1,NA,""
"cand68967640","tardifgerardr","ME",57,"state:lower",2014,"",1,NA,""
"cand68967293","garypouliotmatthew","ME",57,"state:lower",2014,"",NA,NA,""
"cand69871","lajoiemichela","ME",58,"state:lower",2014,"I",1,NA,"W"
"cand68967499","jensenluked","ME",58,"state:lower",2014,"",1,NA,""
"cand68783","rotundomargaretr","ME",59,"state:lower",2014,"I",1,NA,"W"
"cand68967515","duboislesliet","ME",60,"state:lower",2014,"",1,NA,""
"cand68967584","goldenjaredf","ME",60,"state:lower",2014,"",1,NA,"W"
"cand68967510","woodbrian","ME",61,"state:lower",2014,"",NA,NA,""
"cand68967454","brooksheidie","ME",61,"state:lower",2014,"",1,NA,"W"
"cand68967646","cayermarka","ME",61,"state:lower",2014,"",1,NA,""
"cand68967528","melaragnoginam","ME",62,"state:lower",2014,"",1,NA,"W"
"cand47173","michaeljohnm","ME",62,"state:lower",2014,"",1,NA,""
"cand68967477","dickeybrandone","ME",62,"state:lower",2014,"",1,NA,""
"cand68967475","waynewertsr","ME",63,"state:lower",2014,"I",1,NA,"W"
"cand69870","bickfordbrucea","ME",63,"state:lower",2014,"",1,NA,""
"cand125561","sheatsbettyannw","ME",64,"state:lower",2014,"",1,NA,""
"cand68967436","petersawickidavid","ME",64,"state:lower",2014,"",1,NA,"W"
"cand68967668","vanwierosa","ME",65,"state:lower",2014,"",1,NA,""
"cand68141","esplingeleanorm","ME",65,"state:lower",2014,"I",1,NA,"W"
"cand68967594","willeylisah","ME",66,"state:lower",2014,"",1,NA,""
"cand68967610","vienessafernandesmary","ME",66,"state:lower",2014,"",1,NA,""
"cand68269","mcclellanmichaeld","ME",66,"state:lower",2014,"I",1,NA,"W"
"cand68806","austinsusanm","ME",67,"state:lower",2014,"",1,NA,"W"
"cand68967619","lewisbonniet","ME",67,"state:lower",2014,"",1,NA,""
"cand68967669","nostinjohnm","ME",68,"state:lower",2014,"",1,NA,""
"cand68786","cebrarichardm","ME",68,"state:lower",2014,"",NA,NA,""
"cand133124","powerschristineb","ME",68,"state:lower",2014,"I",1,NA,"W"
"cand68967554","ginzlerphyllisa","ME",69,"state:lower",2014,"",1,NA,"W"
"cand69748","villalisar","ME",69,"state:lower",2014,"I",1,NA,""
"cand69878","rankinhelen","ME",70,"state:lower",2014,"I",1,NA,""
"cand68967488","wadsworthnathanj","ME",70,"state:lower",2014,"",1,NA,"W"
"cand125591","whitleydennised","ME",71,"state:lower",2014,"",1,NA,""
"cand68566","winsortomj","ME",71,"state:lower",2014,"I",1,NA,"W"
"cand68967676","rjdillinghamkathleen","ME",72,"state:lower",2014,"",1,NA,"W"
"cand68043","bradleyjamesf","ME",72,"state:lower",2014,"",1,NA,""
"cand125489","jacksonrogera","ME",72,"state:lower",2014,"I",NA,NA,""
"cand133138","marcottemichael","ME",72,"state:lower",2014,"",NA,NA,""
"cand68967485","herricklloydc","ME",73,"state:lower",2014,"",1,NA,"W"
"cand68967493","kirchherrroberte","ME",73,"state:lower",2014,"",1,NA,""
"cand69875","gilbertpaule","ME",74,"state:lower",2014,"I",1,1,"W"
"cand68967526","dingmancharlesf","ME",75,"state:lower",2014,"",1,NA,""
"cand68266","timberlakejeffreyl","ME",75,"state:lower",2014,"I",1,NA,"W"
"cand68967546","hctracyrichard","ME",76,"state:lower",2014,"",1,NA,""
"cand68967657","hilliardgaryl","ME",76,"state:lower",2014,"",1,NA,"W"
"cand68967390","tibbettsalanb","ME",77,"state:lower",2014,"",1,NA,""
"cand68605","nuttingrobertw","ME",77,"state:lower",2014,"I",1,NA,"W"
"cand68163","nadeaucatherinem","ME",78,"state:lower",2014,"I",1,NA,"W"
"cand68238","morissettesusane","ME",78,"state:lower",2014,"",1,NA,""
"cand68967453","theriaulttimothys","ME",79,"state:lower",2014,"",1,NA,"W"
"cand68967563","everscristinal","ME",79,"state:lower",2014,"",1,NA,""
"cand68967356","macfarlandroberta","ME",79,"state:lower",2014,"",NA,NA,""
"cand125469","fowleloria","ME",80,"state:lower",2014,"I",1,NA,"W"
"cand68967652","batesrayl","ME",80,"state:lower",2014,"",1,NA,""
"cand68172","hickmancraigv","ME",81,"state:lower",2014,"I",1,NA,"W"
"cand68967654","fellmanleet","ME",81,"state:lower",2014,"",1,NA,""
"cand125574","sukeforthrachell","ME",82,"state:lower",2014,"",1,NA,""
"cand68316","greenwoodrandalla","ME",82,"state:lower",2014,"",1,NA,"W"
"cand68254","mcdonaldtimothya","ME",82,"state:lower",2014,"",NA,NA,""
"cand125477","grantgaym","ME",83,"state:lower",2014,"I",1,NA,"W"
"cand68967482","ayottecurtisc","ME",83,"state:lower",2014,"",1,NA,""
"cand68967538","williamsscottd","ME",83,"state:lower",2014,"",NA,NA,""
"cand68967489","warrencharlottem","ME",84,"state:lower",2014,"",1,NA,"W"
"cand68967606","bandadarrickx","ME",84,"state:lower",2014,"",1,NA,""
"cand68967564","dooredonnar","ME",85,"state:lower",2014,"",1,NA,"W"
"cand68967455","duhouxrebeccaacornell","ME",85,"state:lower",2014,"",NA,NA,""
"cand68809","daviskimberlyj","ME",85,"state:lower",2014,"",1,NA,""
"cand68967354","garypouliotmatthew","ME",86,"state:lower",2014,"I",1,NA,"W"
"cand68967565","castellanosmonical","ME",86,"state:lower",2014,"",1,NA,""
"cand125518","markstimothyi","ME",87,"state:lower",2014,"I",1,NA,""
"cand68967456","hanleyjefferyp","ME",87,"state:lower",2014,"",1,NA,"W"
"cand68138","sandersondeborahj","ME",88,"state:lower",2014,"I",1,NA,"W"
"cand68967624","coombswilliamh","ME",89,"state:lower",2014,"",1,NA,""
"cand125484","hawkestephanie","ME",89,"state:lower",2014,"",1,NA,"W"
"cand68160","devinmichaelg","ME",90,"state:lower",2014,"I",1,NA,"W"
"cand68967592","morkeskianna","ME",90,"state:lower",2014,"",1,NA,""
"cand125593","winchenbachellena","ME",91,"state:lower",2014,"I",1,NA,""
"cand69165","evangelosjeffrey","ME",91,"state:lower",2014,"I",1,NA,"W"
"cand69867","krugercharlesb","ME",92,"state:lower",2014,"I",1,NA,"W"
"cand68967576","sleepersonja","ME",92,"state:lower",2014,"",1,NA,""
"cand125602","dickersonelizabethe","ME",93,"state:lower",2014,"I",1,NA,"W"
"cand68967568","kallochjamesm","ME",93,"state:lower",2014,"",1,NA,""
"cand69866","welshjoanw","ME",94,"state:lower",2014,"I",1,NA,"W"
"cand68967429","casasowend","ME",94,"state:lower",2014,"",1,NA,""
"cand68967694","bovassoronaldj","ME",94,"state:lower",2014,"",1,NA,""
"cand69708","sukeforthgarye","ME",95,"state:lower",2014,"",1,NA,"W"
"cand68781","richardsonwesleye","ME",95,"state:lower",2014,"",1,NA,""
"cand68967645","neilschristianw","ME",95,"state:lower",2014,"",1,NA,""
"cand68967617","parrrandall","ME",95,"state:lower",2014,"",1,NA,""
"cand68967379","bursteinchristines","ME",96,"state:lower",2014,"",1,NA,"W"
"cand68967672","westonpeter","ME",96,"state:lower",2014,"",1,NA,""
"cand68967446","ryanharmonr","ME",96,"state:lower",2014,"",NA,NA,""
"cand68157","herbigerind","ME",97,"state:lower",2014,"I",1,NA,"W"
"cand68967464","brownpaigek","ME",97,"state:lower",2014,"",1,NA,""
"cand68047","brooksjosephe","ME",98,"state:lower",2014,"I",1,NA,""
"cand68231","gillwayjamess","ME",98,"state:lower",2014,"I",1,NA,"W"
"cand125494","jonesbrianl","ME",99,"state:lower",2014,"I",1,NA,""
"cand68967449","kinneymaryanne","ME",99,"state:lower",2014,"",1,NA,"W"
"cand68967613","brightdavidl","ME",100,"state:lower",2014,"",1,1,""
"cand68856","fredettekennethw","ME",100,"state:lower",2014,"I",1,1,"W"
"cand68967571","davittjamese","ME",101,"state:lower",2014,"",1,NA,"W"
"cand68727","dupreybrianm","ME",101,"state:lower",2014,"I",1,NA,""
"cand68222","guerinstaceyk","ME",102,"state:lower",2014,"I",1,NA,"W"
"cand68967543","sharkusmarye","ME",103,"state:lower",2014,"",1,NA,""
"cand125550","reedrogere","ME",103,"state:lower",2014,"I",1,NA,"W"
"cand125596","wallaceraymonda","ME",104,"state:lower",2014,"I",1,1,"W"
"cand68967366","stetkisjoelr","ME",105,"state:lower",2014,"",1,1,"W"
"cand68967423","littlefielddwaynea","ME",105,"state:lower",2014,"",NA,NA,""
"cand68967658","stromscottw","ME",106,"state:lower",2014,"",1,NA,""
"cand125563","shortstanleybjr","ME",106,"state:lower",2014,"I",1,NA,"W"
"cand68967531","amadontimothys","ME",107,"state:lower",2014,"",1,NA,""
"cand69874","mccabejeffrey","ME",107,"state:lower",2014,"I",1,NA,"W"
"cand133123","houghmarkd","ME",107,"state:lower",2014,"",NA,NA,""
"cand68258","picchiottijohnj","ME",108,"state:lower",2014,"",1,NA,"W"
"cand125503","kusiakkaren","ME",108,"state:lower",2014,"I",1,NA,""
"cand68967432","rwlongstaffthomas","ME",109,"state:lower",2014,"I",1,NA,"W"
"cand68967339","embeckhenry","ME",110,"state:lower",2014,"I",1,NA,"W"
"cand133139","andremarkr","ME",110,"state:lower",2014,"",1,NA,""
"cand133132","dorneyanne","ME",111,"state:lower",2014,"I",1,NA,""
"cand68967532","farrinbradleet","ME",111,"state:lower",2014,"",1,NA,"W"
"cand125566","skolfieldthomash","ME",112,"state:lower",2014,"",1,NA,"W"
"cand68967609","frostjackwjr","ME",112,"state:lower",2014,"",1,NA,""
"cand68967548","davidedwards","ME",113,"state:lower",2014,"",1,NA,""
"cand68967659","russellbucklandandrew","ME",113,"state:lower",2014,"",1,NA,"W"
"cand68967427","iversonguya","ME",114,"state:lower",2014,"",1,NA,""
"cand68262","blackrussellj","ME",114,"state:lower",2014,"I",1,NA,"W"
"cand69877","petersonmatthewj","ME",115,"state:lower",2014,"I",1,NA,"W"
"cand68967560","mageeterrencel","ME",115,"state:lower",2014,"",1,NA,""
"cand68967447","gillmalcolmm","ME",116,"state:lower",2014,"",1,NA,""
"cand68967519","pickettricharda","ME",116,"state:lower",2014,"",1,NA,"W"
"cand68967466","headfrancesm","ME",117,"state:lower",2014,"",1,NA,"W"
"cand68967443","pecuniescalliew","ME",117,"state:lower",2014,"",1,NA,""
"cand68140","dunphylarryc","ME",118,"state:lower",2014,"I",NA,NA,"W"
"cand133125","caseykevin","ME",118,"state:lower",2014,"",NA,NA,""
"cand68967382","stearnspaula","ME",119,"state:lower",2014,"",1,NA,"W"
"cand68967433","higginsnormane","ME",120,"state:lower",2014,"",1,NA,"W"
"cand68967508","crossmandonaldj","ME",120,"state:lower",2014,"",1,NA,""
"cand68697","duchesneroberts","ME",121,"state:lower",2014,"",1,NA,"W"
"cand68967495","smithdouglasa","ME",121,"state:lower",2014,"",1,NA,""
"cand68967678","nuttalljohnm","ME",122,"state:lower",2014,"",1,NA,""
"cand68967607","dunphymichellea","ME",122,"state:lower",2014,"",1,NA,"W"
"cand69686","spenceredwards","ME",122,"state:lower",2014,"",NA,NA,""
"cand125579","tippingspitzryand","ME",123,"state:lower",2014,"I",1,1,"W"
"cand125472","freyaaronm","ME",124,"state:lower",2014,"I",1,NA,"W"
"cand68967517","civiellocolbyb","ME",124,"state:lower",2014,"",1,NA,""
"cand68217","teelkatrin","ME",125,"state:lower",2014,"",NA,NA,""
"cand133115","kornfieldvictoriap","ME",125,"state:lower",2014,"I",1,NA,"W"
"cand68967601","capehartgarye","ME",125,"state:lower",2014,"",NA,NA,""
"cand125558","schneckjohnc","ME",126,"state:lower",2014,"I",1,NA,"W"
"cand69088","damondouglask","ME",126,"state:lower",2014,"",1,NA,""
"cand69857","goodeadama","ME",127,"state:lower",2014,"I",1,NA,"W"
"cand68967511","lacadiejamesv","ME",127,"state:lower",2014,"",1,NA,""
"cand125585","verowarthurc","ME",128,"state:lower",2014,"I",1,NA,"W"
"cand68967501","sheehangailm","ME",128,"state:lower",2014,"",1,NA,""
"cand68355","sirockiheatherw","ME",128,"state:lower",2014,"",NA,NA,""
"cand68967387","montagueteresa","ME",129,"state:lower",2014,"",1,NA,""
"cand68967556","lyfordpetera","ME",129,"state:lower",2014,"",1,NA,"W"
"cand125432","deabayemerya","ME",130,"state:lower",2014,"",1,NA,""
"cand37117","campbellrichardh","ME",130,"state:lower",2014,"I",1,NA,"W"
"cand69758","wardkarletons","ME",131,"state:lower",2014,"",1,NA,"W"
"cand69865","magnanveronica","ME",131,"state:lower",2014,"",1,NA,""
"cand68155","luchinilouisj","ME",132,"state:lower",2014,"I",1,NA,"W"
"cand69197","frederickehrlenbachr","ME",132,"state:lower",2014,"",1,NA,""
"cand68967604","walshsusanm","ME",133,"state:lower",2014,"",1,NA,""
"cand68153","chapmanralph","ME",133,"state:lower",2014,"I",1,NA,"W"
"cand68967458","anthonyguarentedavid","ME",133,"state:lower",2014,"",NA,NA,""
"cand68152","kumiegawalteraiii","ME",134,"state:lower",2014,"I",1,NA,"W"
"cand68891","stanleyfrankl","ME",134,"state:lower",2014,"",1,NA,""
"cand125488","hubbellbrianl","ME",135,"state:lower",2014,"I",1,NA,"W"
"cand68967666","josephmarshallmaurice","ME",135,"state:lower",2014,"",1,NA,""
"cand68967505","amyallenelizabeth","ME",136,"state:lower",2014,"",1,NA,""
"cand69451","malabyrichards","ME",136,"state:lower",2014,"I",1,NA,"W"
"cand68967542","emersonoscarf","ME",137,"state:lower",2014,"",1,NA,""
"cand125513","lockmanlawrencee","ME",137,"state:lower",2014,"I",1,NA,"W"
"cand68967467","paulrichardo","ME",138,"state:lower",2014,"",1,NA,""
"cand68967549","alleyrobertwsr","ME",138,"state:lower",2014,"",1,NA,"W"
"cand68967418","tuellwilliamr","ME",139,"state:lower",2014,"",1,NA,"W"
"cand69026","cassidykatherinew","ME",139,"state:lower",2014,"I",1,NA,""
"cand68226","makerjoycea","ME",140,"state:lower",2014,"I",1,1,"W"
"cand69739","turnerbethp","ME",141,"state:lower",2014,"I",1,NA,"W"
"cand68967422","haningtonsheldonm","ME",142,"state:lower",2014,"",1,NA,"W"
"cand68214","perkinsdebbij","ME",143,"state:lower",2014,"",1,NA,""
"cand68524","stanleystephens","ME",143,"state:lower",2014,"I",1,NA,"W"
"cand68615","shermanrogerl","ME",144,"state:lower",2014,"",1,NA,"W"
"cand68213","longrickyd","ME",145,"state:lower",2014,"I",1,NA,"W"
"cand68967580","hinesglennm","ME",145,"state:lower",2014,"",1,NA,""
"cand68967683","whitedustinm","ME",146,"state:lower",2014,"",1,NA,"W"
"cand160443","willettealexanderr","ME",146,"state:lower",2014,"",NA,NA,""
"cand68146","hainestroya","ME",146,"state:lower",2014,"",1,NA,""
"cand69888","evesmarkw","ME",146,"state:lower",2014,"I",NA,NA,""
"cand68999","burkedavidd","ME",146,"state:lower",2014,"",NA,NA,""
"cand125556","saucierrobertj","ME",147,"state:lower",2014,"I",1,NA,"W"
"cand68967539","foxlarryk","ME",147,"state:lower",2014,"",1,NA,""
"cand68967603","whittemorealand","ME",148,"state:lower",2014,"",1,NA,""
"cand68967643","wardgregorya","ME",148,"state:lower",2014,"",1,NA,""
"cand68967667","edgecombanthonyj","ME",148,"state:lower",2014,"",1,NA,"W"
"cand47173","michaelbliern","ME",148,"state:lower",2014,"",NA,NA,""
"cand68967465","annmcelweecarol","ME",149,"state:lower",2014,"I",1,NA,"W"
"cand68967605","lawrencecraigm","ME",150,"state:lower",2014,"",1,NA,""
"cand68967492","danielmartinroland","ME",150,"state:lower",2014,"",1,NA,"W"
"cand68349","michaelnadeauallen","ME",151,"state:lower",2014,"I",1,NA,""
"cand68410","martinjohnl","ME",151,"state:lower",2014,"",1,NA,"W"
"cand68967478","kentheriaultcharles","ME",1,"state:upper",2014,"",1,NA,""
"cand125463","edgecombpetere","ME",1,"state:upper",2014,"",1,NA,"W"
"cand69893","willettemichaelj","ME",2,"state:upper",2014,"",1,NA,"W"
"cand68967486","carpentermichaele","ME",2,"state:upper",2014,"",1,NA,""
"cand68302","whittemorerodneyl","ME",3,"state:upper",2014,"I",1,NA,"W"
"cand68967577","heaveycraigj","ME",3,"state:upper",2014,"",1,NA,""
"cand68967377","andrewthomasdouglas","ME",4,"state:upper",2014,"I",NA,NA,""
"cand68622","davispault","ME",4,"state:upper",2014,"",1,NA,"W"
"cand68967616","ziemerdavidf","ME",4,"state:upper",2014,"",1,NA,""
"cand68148","dilljamesf","ME",5,"state:upper",2014,"",1,NA,"W"
"cand68402","clarkherberte","ME",5,"state:upper",2014,"",NA,NA,""
"cand125525","mclaughlinmitchelll","ME",5,"state:upper",2014,"",1,NA,""
"cand68702","perryannec","ME",6,"state:upper",2014,"",1,NA,""
"cand69860","burnsdavidc","ME",6,"state:upper",2014,"I",1,NA,"W"
"cand125576","summersrutha","ME",6,"state:upper",2014,"",NA,NA,""
"cand69863","langleybriand","ME",7,"state:upper",2014,"I",1,NA,"W"
"cand68704","koffmantheodores","ME",7,"state:upper",2014,"",1,NA,""
"cand68967439","weltontheodoreh","ME",7,"state:upper",2014,"",NA,NA,""
"cand68782","rosenkimberleyc","ME",8,"state:upper",2014,"",1,NA,"W"
"cand68622","davispaulp","ME",8,"state:upper",2014,"",1,NA,""
"cand68131","youngbloodedwardm","ME",8,"state:upper",2014,"I",NA,NA,""
"cand125478","gratwickgeoffreym","ME",9,"state:upper",2014,"I",1,NA,"W"
"cand68967473","westoncarym","ME",9,"state:upper",2014,"",1,NA,""
"cand68967525","davidhiattjohn","ME",9,"state:upper",2014,"",NA,NA,""
"cand68967504","travisfontainejaric","ME",10,"state:upper",2014,"",1,NA,""
"cand125454","cushingandree","ME",10,"state:upper",2014,"I",1,NA,"W"
"cand69845","thibodeaumichaeld","ME",11,"state:upper",2014,"",NA,NA,"W"
"cand68967419","fulfordjonathans","ME",11,"state:upper",2014,"",1,NA,""
"cand69845","thibodeaumichaeld","ME",11,"state:upper",2014,"I",1,NA,""
"cand68743","miramantdavidr","ME",12,"state:upper",2014,"",1,NA,"W"
"cand68967460","suttonpaulag","ME",12,"state:upper",2014,"",1,NA,""
"cand68752","fossellesliet","ME",13,"state:upper",2014,"",1,NA,""
"cand68197","johnsonchristopherk","ME",13,"state:upper",2014,"I",1,NA,"W"
"cand69595","quintalgarya","ME",14,"state:upper",2014,"",NA,NA,""
"cand68701","mccormickearlel","ME",14,"state:upper",2014,"",1,NA,"W"
"cand69004","bustindavidw","ME",14,"state:upper",2014,"",1,NA,""
"cand68967507","sigellouist","ME",14,"state:upper",2014,"",NA,NA,""
"cand68300","katzrogerj","ME",15,"state:upper",2014,"I",1,NA,"W"
"cand68967662","duhouxrebeccaacornell","ME",15,"state:upper",2014,"",1,NA,""
"cand125439","clevelandjohnj","ME",15,"state:upper",2014,"",NA,NA,""
"cand68967393","maireadlachowiczcolleen","ME",16,"state:upper",2014,"I",1,NA,""
"cand68967687","cyrwayscottw","ME",16,"state:upper",2014,"",1,NA,"W"
"cand68770","saviellothomasb","ME",17,"state:upper",2014,"I",1,NA,"W"
"cand125461","dunlapjoannef","ME",17,"state:upper",2014,"",1,NA,""
"cand68732","patrickjohnl","ME",18,"state:upper",2014,"I",1,NA,"W"
"cand68967655","martinjosephejr","ME",18,"state:upper",2014,"",1,NA,""
"cand68967522","rogerswellsrose","ME",19,"state:upper",2014,"",1,NA,"W"
"cand68815","hamperjamesm","ME",19,"state:upper",2014,"I",1,NA,""
"cand68967358","vitellieloisea","ME",19,"state:upper",2014,"",NA,NA,""
"cand68967359","longleystromgrendaniel","ME",19,"state:upper",2014,"",NA,NA,""
"cand69831","benoitpaulai","ME",19,"state:upper",2014,"",NA,NA,""
"cand125439","clevelandjohnj","ME",20,"state:upper",2014,"I",1,NA,""
"cand68967355","brakeyericl","ME",20,"state:upper",2014,"",1,NA,"W"
"cand125510","libbynathanl","ME",21,"state:upper",2014,"",1,NA,"W"
"cand68967472","gagnepatriciaj","ME",21,"state:upper",2014,"",1,NA,""
"cand68967384","desjardinsguyp","ME",22,"state:upper",2014,"",1,NA,""
"cand68967376","paulmasongarrett","ME",22,"state:upper",2014,"I",1,NA,"W"
"cand68967358","vitellieloisea","ME",23,"state:upper",2014,"I",1,NA,""
"cand69367","knappalicee","ME",23,"state:upper",2014,"",1,NA,""
"cand68967600","bakerlindal","ME",23,"state:upper",2014,"",1,NA,"W"
"cand68967491","johnsonjenniferl","ME",24,"state:upper",2014,"",1,NA,""
"cand68967483","frederickhorchk","ME",24,"state:upper",2014,"",1,NA,""
"cand68725","gerzofskystanleyj","ME",24,"state:upper",2014,"I",1,NA,"W"
"cand68967650","manchestercathleena","ME",25,"state:upper",2014,"",1,NA,""
"cand68967471","breencatherinee","ME",25,"state:upper",2014,"",1,NA,"W"
"cand104700","woodsstephenm","ME",25,"state:upper",2014,"",NA,NA,""
"cand68967386","richardsenatorwoodbury","ME",25,"state:upper",2014,"",NA,NA,""
"cand68967707","warrenkailer","ME",26,"state:upper",2014,"",1,NA,""
"cand68967579","thompsoncalldavid","ME",26,"state:upper",2014,"",NA,NA,""
"cand68967392","williamdiamondgeorge","ME",26,"state:upper",2014,"",1,NA,"W"
"cand125542","plattsasherd","ME",27,"state:upper",2014,"",1,1,""
"cand69855","alfondjustinl","ME",27,"state:upper",2014,"I",1,1,"W"
"cand68967670","hillowent","ME",28,"state:upper",2014,"",1,NA,""
"cand69832","haskellannem","ME",28,"state:upper",2014,"I",1,NA,"W"
"cand125529","millettrebeccaj","ME",29,"state:upper",2014,"I",1,NA,"W"
"cand68967434","diehlmarkd","ME",29,"state:upper",2014,"",1,NA,""
"cand68967691","desenawilliamr","ME",29,"state:upper",2014,"",1,NA,""
"cand68280","volkamyf","ME",30,"state:upper",2014,"",1,NA,"W"
"cand68967490","allenboylejames","ME",30,"state:upper",2014,"I",1,NA,""
"cand68708","valentinolindam","ME",31,"state:upper",2014,"I",1,NA,"W"
"cand68967822","colemanmichaele","ME",31,"state:upper",2014,"",1,NA,""
"cand125449","boothjamesw","ME",32,"state:upper",2014,"",1,NA,""
"cand125462","dutrembledavide","ME",32,"state:upper",2014,"I",1,NA,"W"
"cand68967665","woodsomedavidc","ME",33,"state:upper",2014,"",1,NA,"W"
"cand125582","tuttlejohnljr","ME",33,"state:upper",2014,"I",1,NA,""
"cand68595","bolandandream","ME",33,"state:upper",2014,"",NA,NA,""
"cand125454","cushingandree","ME",33,"state:upper",2014,"",NA,NA,""
"cand69841","connorgarya","ME",34,"state:upper",2014,"",1,NA,""
"cand68813","burnsrichardj","ME",34,"state:upper",2014,"",1,NA,""
"cand68603","collinsronaldf","ME",34,"state:upper",2014,"I",1,NA,"W"
"cand69813","hilldawn","ME",35,"state:upper",2014,"I",1,NA,"W"
"cand68292","carsonjohnj","ME",35,"state:upper",2014,"",1,NA,""
