,bonica.rid,name,state,district,seat,cycle,party,Incum.Chall_2016,ran.general
1,cand6609,campbellnoel,AZ,1,state:lower,2016,200,I,1
2,cand68977068,stringerdavidh,AZ,1,state:lower,2016,200,,1
3,cand68977085,hernandezdanieljr,AZ,2,state:lower,2016,100,,1
4,cand122990,gabaldonrosanna,AZ,2,state:lower,2016,100,I,1
5,cand122991,ackerleyjohnchristopher,AZ,2,state:lower,2016,200,I,1
6,cand5969,saldatemacarioiv,AZ,3,state:lower,2016,100,I,1
7,cand5941,gonzalessally,AZ,3,state:lower,2016,100,I,1
8,cand5969,saldatemacarioiv,AZ,3,state:lower,2016,100,,1
9,cand68977116,cizekedwardjosephiii,AZ,3,state:lower,2016,400,,1
10,cand122993,fernandezcharlener,AZ,4,state:lower,2016,100,I,1
11,cand68977067,rubalcavajesusa,AZ,4,state:lower,2016,100,,1
12,cand68976995,cobbregina,AZ,5,state:lower,2016,200,I,1
13,cand68977060,mosleypaul,AZ,5,state:lower,2016,200,,1
14,cand5974,weisserbeth,AZ,5,state:lower,2016,100,,1
15,cand68977105,biasiuccileo,AZ,5,state:lower,2016,400,,1
16,cand68976995,cobbregina,AZ,5,state:lower,2016,200,,1
17,cand5974,weisserbeth,AZ,5,state:lower,2016,100,,1
18,cand68976982,thorperobertj,AZ,6,state:lower,2016,200,I,1
19,cand6003,bartonbrenda,AZ,6,state:lower,2016,200,I,1
20,cand68977087,martinezalex,AZ,6,state:lower,2016,100,,1
21,cand68977096,descheenieericfrank,AZ,7,state:lower,2016,100,,1
22,cand68977107,benallywenonarmrs,AZ,7,state:lower,2016,100,,1
23,cand68977095,cookdavid,AZ,8,state:lower,2016,200,,1
24,cand123069,shopethomasrjr,AZ,8,state:lower,2016,200,I,1
25,cand68977006,casillascarmenlcandidate,AZ,8,state:lower,2016,100,,1
26,cand68976970,frieserandalls,AZ,9,state:lower,2016,100,I,1
27,cand68977050,hannleypamelapowers,AZ,9,state:lower,2016,100,,1
28,cand6374,hendersonana,AZ,9,state:lower,2016,200,,1
29,cand68977070,engelkirsten,AZ,10,state:lower,2016,100,,1
30,cand123007,machstefanie,AZ,10,state:lower,2016,100,I,1
31,cand123009,clodfeltertodd,AZ,10,state:lower,2016,200,,1
32,cand68976943,finchemmarkw,AZ,11,state:lower,2016,200,I,1
33,cand68977030,hammondcorinm,AZ,11,state:lower,2016,100,,1
34,cand40318,granthamtravis,AZ,12,state:lower,2016,200,,1
35,cand5926,farnswortheddie,AZ,12,state:lower,2016,200,I,1
36,cand123016,mitchelldarin,AZ,13,state:lower,2016,200,I,1
37,cand40248,shooterdon,AZ,13,state:lower,2016,200,,1
38,cand68977111,gravesiisha,AZ,13,state:lower,2016,100,,1
39,cand68977021,johndrew,AZ,14,state:lower,2016,200,,1
40,cand68977058,nuttbeckyann,AZ,14,state:lower,2016,200,,1
41,cand68977059,holmesmike,AZ,14,state:lower,2016,100,,1
42,cand68977122,lindstromjasonadam,AZ,14,state:lower,2016,100,,1
43,cand6010,carterheather,AZ,15,state:lower,2016,200,I,1
44,cand68977092,dwyerbrandon,AZ,15,state:lower,2016,100,,1
45,cand6744,allenjohnm,AZ,15,state:lower,2016,200,I,1
46,cand6041,townsendkelly,AZ,16,state:lower,2016,200,I,1
47,cand123018,colemandoug,AZ,16,state:lower,2016,200,I,1
48,cand68977053,stinardsharon,AZ,16,state:lower,2016,100,,1
49,cand133183,priorcaralee,AZ,16,state:lower,2016,100,,1
50,cand68976937,weningerjeff,AZ,17,state:lower,2016,200,I,1
51,cand6037,mesnardjd,AZ,17,state:lower,2016,200,I,1
52,cand68977075,pawlikjennifer,AZ,17,state:lower,2016,100,,1
53,cand68976940,norgaardjill,AZ,18,state:lower,2016,200,I,1
54,cand6773,robsonbob,AZ,18,state:lower,2016,200,I,1
55,cand68977025,epsteindenisemitzi,AZ,18,state:lower,2016,100,,1
56,cand68977038,espinozajosediego,AZ,19,state:lower,2016,100,I,1
57,cand68976933,kernanthonyt,AZ,20,state:lower,2016,200,I,1
58,cand68977063,gilfillanchristopherloftus,AZ,20,state:lower,2016,100,,1
59,cand123031,boyerpaul,AZ,20,state:lower,2016,200,I,1
60,cand68977048,paynekevin,AZ,21,state:lower,2016,200,,1
61,cand68977112,rasmussenlacottadeanna,AZ,21,state:lower,2016,100,,1
62,cand123039,lovasphil,AZ,22,state:lower,2016,200,I,1
63,cand123034,livingstondavidalan,AZ,22,state:lower,2016,200,I,1
64,cand68977106,hernandezmanuel,AZ,22,state:lower,2016,100,,1
65,cand68976965,lawrencejay,AZ,23,state:lower,2016,200,I,1
66,cand68977065,ugentiritamichelle,AZ,23,state:lower,2016,200,I,1
67,cand68977064,caputitammy,AZ,23,state:lower,2016,100,,1
68,cand6586,clarkken,AZ,24,state:lower,2016,100,I,1
69,cand6659,alstonlela,AZ,24,state:lower,2016,100,I,1
70,cand34943,bowersrussellwrusty,AZ,25,state:lower,2016,200,I,1
71,cand68977097,rahnkathleen,AZ,25,state:lower,2016,100,,1
72,cand68977101,udallmichelle,AZ,25,state:lower,2016,200,,1
73,cand68977098,trujillocaranicole,AZ,26,state:lower,2016,400,,1
74,cand68977079,blancisela,AZ,26,state:lower,2016,100,,1
75,cand68977073,salmanathena,AZ,26,state:lower,2016,100,,1
76,cand68977094,adkinsstevendion,AZ,26,state:lower,2016,200,,1
77,cand6189,riosrebecca,AZ,27,state:lower,2016,100,I,1
78,cand123046,boldingreginald,AZ,27,state:lower,2016,100,I,1
79,cand6189,riosrebecca,AZ,27,state:lower,2016,100,,1
80,cand68977056,hamwaymary,AZ,28,state:lower,2016,200,,1
81,cand123041,butlerkelli,AZ,28,state:lower,2016,100,,1
82,cand68977109,symsmariamazzeo,AZ,28,state:lower,2016,200,,1
83,cand68977027,andraderichardc,AZ,29,state:lower,2016,100,I,1
84,cand186442,chavezcesar,AZ,29,state:lower,2016,100,,1
85,cand68977119,wilsonjohn,AZ,29,state:lower,2016,200,,1
86,cand68977100,martinezray,AZ,30,state:lower,2016,100,,1
87,cand6498,coxgaryleon,AZ,30,state:lower,2016,200,,1
88,cand5999,fannkarenelizabethms,AZ,1,state:upper,2016,200,,1
89,cand6313,dalessandroandrea,AZ,2,state:upper,2016,100,I,1
90,cand143059,kaisshelley,AZ,2,state:upper,2016,200,,1
91,cand6757,cajerobedfordolivia,AZ,3,state:upper,2016,100,I,1
92,cand40324,otondolisa,AZ,4,state:upper,2016,100,,1
93,cand123067,borrellisonny,AZ,5,state:upper,2016,200,,1
94,cand6754,allensylviatenney,AZ,6,state:upper,2016,200,I,1
95,cand68977072,bagleynikkicheck,AZ,6,state:upper,2016,100,,1
96,cand123002,peshlakaijamescitamae,AZ,7,state:upper,2016,100,,1
97,cand6765,prattfrank,AZ,8,state:upper,2016,200,,1
98,cand6865,mcguirebarbara,AZ,8,state:upper,2016,100,I,1
99,cand6868,farleysteve,AZ,9,state:upper,2016,100,I,1
100,cand6794,bradleydavid,AZ,10,state:upper,2016,100,I,1
101,cand68977102,phelpsrandallscott,AZ,10,state:upper,2016,200,,1
102,cand6062,smithsteve,AZ,11,state:upper,2016,200,I,1
103,cand68977082,atchueralph,AZ,11,state:upper,2016,100,,1
104,cand6742,biggsandy,AZ,12,state:upper,2016,200,,1
105,cand123013,petersenwarren,AZ,12,state:upper,2016,200,,1
106,cand68977091,brownelizabeth,AZ,12,state:upper,2016,100,,1
107,cand6876,montenegrosteveb,AZ,13,state:upper,2016,200,,1
108,cand6066,griffingail,AZ,14,state:upper,2016,200,I,1
109,cand6747,alvarezjaime,AZ,14,state:upper,2016,100,,1
110,cand6851,bartonancyk,AZ,15,state:upper,2016,200,I,1
111,cand68977093,macbethtonyak,AZ,15,state:upper,2016,100,,1
112,cand5926,farnsworthdavidchristian,AZ,16,state:upper,2016,200,I,1
113,cand123057,priorscott,AZ,16,state:upper,2016,100,,1
114,cand6743,yarbroughsteve,AZ,17,state:upper,2016,200,I,1
115,cand68977076,weichertsteven,AZ,17,state:upper,2016,100,,1
116,cand6743,yarbroughsteve,AZ,17,state:upper,2016,200,,1
117,cand40210,schmuckfrank,AZ,18,state:upper,2016,200,,1
118,cand68977017,bowiesean,AZ,18,state:upper,2016,100,,1
119,cand6023,yeekimberly,AZ,20,state:upper,2016,200,I,1
120,cand68977077,herreralarry,AZ,20,state:upper,2016,100,,1
121,cand6701,quellanddoug,AZ,20,state:upper,2016,328,,1
122,cand6875,leskodebbie,AZ,21,state:upper,2016,200,I,1
123,cand6875,leskodebbie,AZ,21,state:upper,2016,200,I,1
124,cand6745,burgesjudy,AZ,22,state:upper,2016,200,I,1
125,cand68977099,muscatomichael,AZ,22,state:upper,2016,100,,1
126,cand6870,kavanaghjohn,AZ,23,state:upper,2016,200,I,1
127,cand5952,hobbskatie,AZ,24,state:upper,2016,100,I,1
128,cand68976917,worsleyrobert,AZ,25,state:upper,2016,200,I,1
129,cand68976917,worsleyrobert,AZ,25,state:upper,2016,200,I,1
130,cand123042,mendezjuanjose,AZ,26,state:upper,2016,100,,1
131,cand5956,mirandacatherine,AZ,27,state:upper,2016,100,I,1
132,cand68977033,brophymcgeekate,AZ,28,state:upper,2016,200,,1
133,cand5875,meyereric,AZ,28,state:upper,2016,100,,1
134,cand5950,quezadamartinj,AZ,29,state:upper,2016,100,I,1
135,cand68977117,nuttlecrystal,AZ,29,state:upper,2016,200,,1
136,cand6850,mezarobert,AZ,30,state:upper,2016,100,I,1
137,cand104388,lyonjohn,AZ,30,state:upper,2016,200,,1
138,cand30056,rittermatthewd,CT,1,state:lower,2016,100,I,1
139,cand69018132,duffwilliami,CT,2,state:lower,2016,200,,1
140,cand69018678,alliebrennanraghib,CT,2,state:lower,2016,100,,1
141,cand30350,gonzalezminnie,CT,3,state:lower,2016,100,I,1
142,cand185657,arceangel,CT,4,state:lower,2016,100,I,1
143,cand123442,mcgeebrandonl,CT,5,state:lower,2016,100,I,1
144,cand123446,panospaulj,CT,5,state:lower,2016,200,,1
145,cand30490,vargasedwin,CT,6,state:lower,2016,100,I,1
146,cand31053,mccrorydouglas,CT,7,state:lower,2016,100,I,1
147,cand69018901,currierthomas,CT,8,state:lower,2016,100,,1
148,cand30001,ackerttimothyj,CT,8,state:lower,2016,200,I,1
149,cand31088,rojasjason,CT,9,state:lower,2016,100,I,1
150,cand31070,gengahenryj,CT,10,state:lower,2016,100,I,1
151,cand69036742,curreyjeffreya,CT,11,state:lower,2016,100,I,1
152,cand30058,luxenbergkelly,CT,12,state:lower,2016,100,I,1
153,cand69018394,toppingjohnd,CT,12,state:lower,2016,200,,1
154,cand123467,tweediemark,CT,13,state:lower,2016,200,I,1
155,cand69019266,diminicojosephj,CT,13,state:lower,2016,100,,1
156,cand69019218,anwarsaud,CT,14,state:lower,2016,100,,1
157,cand69019011,delnickitom,CT,14,state:lower,2016,200,,1
158,cand30059,baramdavida,CT,15,state:lower,2016,100,I,1
159,cand30602,hamptonjohnk,CT,16,state:lower,2016,100,I,1
160,cand69019180,tedonelydiaa,CT,16,state:lower,2016,200,,1
161,cand31094,legeyttimothyb,CT,17,state:lower,2016,200,I,1
162,cand30247,fleischmannandrewm,CT,18,state:lower,2016,100,I,1
163,cand69019145,levinerobertl,CT,18,state:lower,2016,200,,1
164,cand69018829,barneschristopherg,CT,19,state:lower,2016,200,,1
165,cand69018735,slapderekm,CT,19,state:lower,2016,100,,1
166,cand30422,verrengiajosephf,CT,20,state:lower,2016,100,I,1
167,cand30064,demiccomichaelv,CT,21,state:lower,2016,100,I,1
168,cand69019169,forsterchristopher,CT,21,state:lower,2016,200,,1
169,cand30230,boukuselizabethabetty,CT,22,state:lower,2016,100,,1
170,cand69018417,petitwilliama,CT,22,state:lower,2016,200,,1
171,cand69018303,carneydevinr,CT,23,state:lower,2016,200,I,1
172,cand142340,lopesrick,CT,24,state:lower,2016,100,I,1
173,cand69019418,sandersjamese,CT,24,state:lower,2016,200,,1
174,cand69018391,gadomskirichardh,CT,25,state:lower,2016,200,,1
175,cand30982,sanchezrobertc,CT,25,state:lower,2016,100,I,1
176,cand31030,tercyakpeter,CT,26,state:lower,2016,100,I,1
177,cand69018451,agostodesireem,CT,26,state:lower,2016,200,,1
178,cand69019319,byrongaryp,CT,27,state:lower,2016,200,I,1
179,cand69019419,shulmanjoshuac,CT,27,state:lower,2016,100,,1
180,cand69019094,hurleymikej,CT,28,state:lower,2016,200,,1
181,cand31076,morinrussella,CT,28,state:lower,2016,100,I,1
182,cand30807,guerreraantoniotony,CT,29,state:lower,2016,100,I,1
183,cand123409,browntodd,CT,29,state:lower,2016,200,,1
184,cand69019359,aresimowiczjosephs,CT,30,state:lower,2016,100,I,1
185,cand69018341,morellichristopherd,CT,30,state:lower,2016,200,,1
186,cand69019185,saunigmatthew,CT,31,state:lower,2016,100,,1
187,cand30106,srinivasanprasad,CT,31,state:lower,2016,200,I,1
188,cand30107,carpinochristiem,CT,32,state:lower,2016,200,I,1
189,cand69019164,szynkowiczlindaj,CT,33,state:lower,2016,200,,1
190,cand30295,serrajosephc,CT,33,state:lower,2016,100,I,1
191,cand123475,ziobronmelissah,CT,34,state:lower,2016,200,I,1
192,cand69019583,dahlgrenmaryellen,CT,35,state:lower,2016,100,,1
193,cand69018590,maclachlanjessed,CT,35,state:lower,2016,200,I,1
194,cand69019256,siegristrobertw,CT,36,state:lower,2016,200,,1
195,cand30983,millerphilipj,CT,36,state:lower,2016,100,I,1
196,cand69018654,hoganbetha,CT,37,state:lower,2016,100,,1
197,cand30111,cheesemanhollyh,CT,37,state:lower,2016,200,,1
198,cand69018704,palmersharonm,CT,38,state:lower,2016,100,,1
199,cand69018216,shawlaurenc,CT,38,state:lower,2016,400,,1
200,cand30450,mccartyforstaterep2016,CT,38,state:lower,2016,200,I,1
201,cand69018706,sotochristiane,CT,39,state:lower,2016,100,,1
202,cand69018388,stullerronna,CT,39,state:lower,2016,400,,1
203,cand69018210,conleychristine,CT,40,state:lower,2016,100,,1
204,cand69018634,scottjohnf,CT,40,state:lower,2016,200,I,1
205,cand69019304,bumgardneraundrep,CT,41,state:lower,2016,200,I,1
206,cand69018480,delacruzjosephb,CT,41,state:lower,2016,100,,1
207,cand125645,francemike,CT,42,state:lower,2016,200,I,1
208,cand31056,urbandianas,CT,43,state:lower,2016,100,I,1
209,cand69019269,mullanenicholash,CT,43,state:lower,2016,200,,1
210,cand69019344,randallchristine,CT,44,state:lower,2016,100,I,1
211,cand69018813,dauphinaisanne,CT,44,state:lower,2016,200,,1
212,cand30562,hansontraceyl,CT,45,state:lower,2016,100,,1
213,cand69018599,skulczyckkevin,CT,45,state:lower,2016,200,,1
214,cand132812,rileyemmettd,CT,46,state:lower,2016,100,I,1
215,cand69019333,dempskyrobertj,CT,46,state:lower,2016,200,,1
216,cand30571,hongbonnie,CT,46,state:lower,2016,328,,1
217,cand30771,donnellykate,CT,47,state:lower,2016,100,,1
218,cand35732,dubitskydoug,CT,47,state:lower,2016,200,I,1
219,cand30348,orangelindaa,CT,48,state:lower,2016,100,I,1
220,cand186513,evansevana,CT,48,state:lower,2016,200,,1
221,cand30991,johnsonsusanm,CT,49,state:lower,2016,100,I,1
222,cand69018521,fantolitonyr,CT,49,state:lower,2016,200,,1
223,cand69018433,boydpatricks,CT,50,state:lower,2016,100,,1
224,cand69018393,valentinenora,CT,50,state:lower,2016,200,,1
225,cand30068,roverodaniels,CT,51,state:lower,2016,100,I,1
226,cand30492,lynchbrian,CT,51,state:lower,2016,200,,1
227,cand69018384,vailkurt,CT,52,state:lower,2016,200,I,1
228,cand69019158,lacasselindalouise,CT,52,state:lower,2016,328,,1
229,cand69018201,bachiochikathleenm,CT,52,state:lower,2016,100,,1
230,cand30551,eastwoodsusanc,CT,53,state:lower,2016,100,,1
231,cand69019500,belsitosam,CT,53,state:lower,2016,200,I,1
232,cand69018270,sargentmark,CT,54,state:lower,2016,200,,1
233,cand30069,haddadgregory,CT,54,state:lower,2016,100,I,1
234,cand69018741,greenrobinl,CT,55,state:lower,2016,200,,1
235,cand69019024,tedfordjamesr,CT,56,state:lower,2016,200,,1
236,cand69018364,winklermichaela,CT,56,state:lower,2016,100,,1
237,cand30877,davischristopherc,CT,57,state:lower,2016,200,I,1
238,cand30632,stokesgregoryt,CT,58,state:lower,2016,200,,1
239,cand123503,alexanderdavidj,CT,58,state:lower,2016,100,I,1
240,cand69018327,dipaceanthonym,CT,59,state:lower,2016,100,,1
241,cand69018978,hallcarola,CT,59,state:lower,2016,200,,1
242,cand69019430,stormsscotta,CT,60,state:lower,2016,200,,1
243,cand69018861,curtistim,CT,60,state:lower,2016,100,,1
244,cand123478,zawistowskitamiw,CT,61,state:lower,2016,200,I,1
245,cand69019033,malloymichaels,CT,61,state:lower,2016,100,,1
246,cand30124,simanskiwilliamj,CT,62,state:lower,2016,200,I,1
247,cand123412,casejaym,CT,63,state:lower,2016,200,I,1
248,cand135822,riiskawilliamo,CT,64,state:lower,2016,100,,1
249,cand69018162,ohlerbrianm,CT,64,state:lower,2016,200,,1
250,cand31113,cookmichellel,CT,65,state:lower,2016,100,I,1
251,cand69019452,schallertoddm,CT,65,state:lower,2016,200,,1
252,cand69019242,carrgaylec,CT,66,state:lower,2016,100,,1
253,cand69018141,wilsondavidt,CT,66,state:lower,2016,200,,1
254,cand69019330,buckbeewilliamj,CT,67,state:lower,2016,200,,1
255,cand69018228,lundgrenmaryj,CT,67,state:lower,2016,100,,1
256,cand69019239,berthelericc,CT,68,state:lower,2016,200,I,1
257,cand30273,oneillarthurj,CT,69,state:lower,2016,200,I,1
258,cand30252,damelioanthonyj,CT,71,state:lower,2016,200,I,1
259,cand31085,butlerlarryb,CT,72,state:lower,2016,100,I,1
260,cand69019547,matthewsvernonr,CT,72,state:lower,2016,200,,1
261,cand30997,bergerjeffreyj,CT,73,state:lower,2016,100,I,1
262,cand69019066,giacomistevenr,CT,73,state:lower,2016,200,,1
263,cand69019433,tysonwoodwendym,CT,74,state:lower,2016,100,,1
264,cand69018488,cummingsstephaniee,CT,74,state:lower,2016,200,,1
265,cand123499,reyesforstaterepresentative,CT,75,state:lower,2016,100,I,1
266,cand123499,reyesgeraldoc,CT,75,state:lower,2016,100,I,1
267,cand69018852,workraymond,CT,75,state:lower,2016,200,,1
268,cand69019512,watanabemyrnae,CT,76,state:lower,2016,100,,1
269,cand30275,piscopojohne,CT,76,state:lower,2016,200,I,1
270,cand69019578,bartoklaurae,CT,77,state:lower,2016,100,,1
271,cand69019187,pavalockcarac,CT,77,state:lower,2016,200,I,1
272,cand30129,bettswhit,CT,78,state:lower,2016,200,I,1
273,cand69019156,myerskrystalm,CT,78,state:lower,2016,100,,1
274,cand69018684,ziogaschristopher,CT,79,state:lower,2016,100,,1
275,cand30130,delmastropeterj,CT,79,state:lower,2016,200,,1
276,cand30132,sampsonrobc,CT,80,state:lower,2016,200,I,1
277,cand30680,zoniforstaterepresentative,CT,81,state:lower,2016,100,I,1
278,cand69018640,fuscojohn,CT,81,state:lower,2016,200,,1
279,cand30340,altobelloemilbuddy,CT,82,state:lower,2016,100,I,1
280,cand31016,abercrombiecatherinef,CT,83,state:lower,2016,100,I,1
281,cand69018125,vollanojoseph,CT,83,state:lower,2016,200,,1
282,cand31090,santiagoforstaterepresentative,CT,84,state:lower,2016,100,I,1
283,cand69018709,mihalysergeg,CT,85,state:lower,2016,200,,1
284,cand30271,mushinskymarym,CT,85,state:lower,2016,100,I,1
285,cand69019032,masevincentj,CT,86,state:lower,2016,328,,1
286,cand31073,candeloravincentj,CT,86,state:lower,2016,200,I,1
287,cand30135,yaccarinodavidw,CT,87,state:lower,2016,200,I,1
288,cand69018514,giffordstephen,CT,87,state:lower,2016,100,,1
289,cand69018514,giffordstephen,CT,87,state:lower,2016,100,,1
290,cand69018617,elliottjoshuaa,CT,88,state:lower,2016,100,,1
291,cand69019351,bonadiesmarjoriem,CT,88,state:lower,2016,200,,1
292,cand123477,zupkuslezlyew,CT,89,state:lower,2016,200,I,1
293,cand69018725,reynoldspatrickj,CT,90,state:lower,2016,100,,1
294,cand69018954,fishbeincraigc,CT,90,state:lower,2016,200,,1
295,cand69018713,lynchjames,CT,91,state:lower,2016,200,,1
296,cand123501,dagostinomichaelc,CT,91,state:lower,2016,100,I,1
297,cand30238,dillonpatricia,CT,92,state:lower,2016,100,I,1
298,cand69018320,lostydouglase,CT,93,state:lower,2016,200,,1
299,cand31044,walkertonie,CT,93,state:lower,2016,100,I,1
300,cand30453,porterrobyna,CT,94,state:lower,2016,100,I,1
301,cand31023,candelariajuan,CT,95,state:lower,2016,100,I,1
302,cand30077,lemarrolandj,CT,96,state:lower,2016,100,I,1
303,cand69019468,paolilloalphonsejjr,CT,97,state:lower,2016,100,I,1
304,cand69019390,scanlonseanm,CT,98,state:lower,2016,100,I,1
305,cand69018832,traceysteven,CT,99,state:lower,2016,200,,1
306,cand30985,albisjamesm,CT,99,state:lower,2016,100,I,1
307,cand31102,lessermatthew,CT,100,state:lower,2016,100,I,1
308,cand69018637,morananthonyr,CT,100,state:lower,2016,200,,1
309,cand30435,kokorudanoreens,CT,101,state:lower,2016,200,I,1
310,cand69018539,kellychristopherjp,CT,102,state:lower,2016,200,,1
311,cand31103,reedlonnie,CT,102,state:lower,2016,100,I,1
312,cand133826,linehanliz,CT,103,state:lower,2016,100,,1
313,cand30534,falveyandrewa,CT,103,state:lower,2016,200,,1
314,cand31002,gentilelindam,CT,104,state:lower,2016,100,I,1
315,cand69018819,jaumannjosepha,CT,104,state:lower,2016,200,,1
316,cand69018859,klaridesditrianicole,CT,105,state:lower,2016,200,,1
317,cand31104,conroytheresaw,CT,105,state:lower,2016,100,I,1
318,cand69019324,zimmermanevabermudez,CT,106,state:lower,2016,100,,1
319,cand123403,bolinskymitch,CT,106,state:lower,2016,200,I,1
320,cand69018466,hardingstepheng,CT,107,state:lower,2016,200,I,1
321,cand69019481,hardingstephen,CT,107,state:lower,2016,200,I,1
322,cand30144,smithricharda,CT,108,state:lower,2016,200,I,1
323,cand69018574,roeunveasna,CT,109,state:lower,2016,200,,1
324,cand123398,arcontidavida,CT,109,state:lower,2016,100,I,1
325,cand69018160,palmaresemanuela,CT,110,state:lower,2016,200,,1
326,cand30253,godfreybob,CT,110,state:lower,2016,100,I,1
327,cand69019392,dowdelljosephn,CT,111,state:lower,2016,100,,1
328,cand30827,freyjohnh,CT,111,state:lower,2016,200,I,1
329,cand69019529,sredzinskijp,CT,112,state:lower,2016,200,I,1
330,cand69018963,helleradamm,CT,113,state:lower,2016,100,,1
331,cand31092,perillojason,CT,113,state:lower,2016,200,I,1
332,cand30842,klaridesthemis,CT,114,state:lower,2016,200,I,1
333,cand30236,darganstephend,CT,115,state:lower,2016,100,I,1
334,cand69018764,depalmarichard,CT,116,state:lower,2016,200,,1
335,cand69018171,dimassamichaela,CT,116,state:lower,2016,100,,1
336,cand69019391,ferrarocharlesj,CT,117,state:lower,2016,200,I,1
337,cand69018989,ronanseanp,CT,117,state:lower,2016,100,,1
338,cand30081,rosekimm,CT,118,state:lower,2016,100,I,1
339,cand69018314,varronerick,CT,118,state:lower,2016,200,,1
340,cand69018192,gettingerbenjamind,CT,119,state:lower,2016,100,,1
341,cand30617,staneskipam,CT,119,state:lower,2016,200,I,1
342,cand69018434,streetsfrederickj,CT,120,state:lower,2016,100,,1
343,cand30149,hoydicklaurar,CT,120,state:lower,2016,200,I,1
344,cand69019290,greskojosephp,CT,121,state:lower,2016,100,I,1
345,cand69019198,mcgortyben,CT,122,state:lower,2016,200,I,1
346,cand69018315,costantinilino,CT,123,state:lower,2016,100,,1
347,cand123447,rutiglianodavidj,CT,123,state:lower,2016,200,I,1
348,cand69019461,bakerandref,CT,124,state:lower,2016,100,I,1
349,cand30987,stallworthcharliel,CT,126,state:lower,2016,100,I,1
350,cand31000,hennessyjohnfjack,CT,127,state:lower,2016,100,I,1
351,cand103468,bookethan,CT,128,state:lower,2016,200,,1
352,cand69018631,rosariochristopher,CT,128,state:lower,2016,100,I,1
353,cand69019186,stafstromsteven,CT,129,state:lower,2016,100,I,1
354,cand69018540,stafstromstevenj,CT,129,state:lower,2016,100,I,1
355,cand31090,santiagoezequiel,CT,130,state:lower,2016,100,I,1
356,cand30045,flahertyscottf,CT,131,state:lower,2016,100,,1
357,cand31046,labrioladavidk,CT,131,state:lower,2016,200,I,1
358,cand69019457,georgiadisdru,CT,132,state:lower,2016,100,,1
359,cand30150,kupchickbrendal,CT,132,state:lower,2016,200,I,1
360,cand69019420,neubergerrayj,CT,133,state:lower,2016,200,,1
361,cand69018254,vaheycristinmccarthy,CT,133,state:lower,2016,100,I,1
362,cand69018230,devlinlauram,CT,134,state:lower,2016,200,I,1
363,cand69018358,garrityfrederickt,CT,134,state:lower,2016,100,,1
364,cand69018431,troybonniee,CT,135,state:lower,2016,100,,1
365,cand69019566,dunsbyadamw,CT,135,state:lower,2016,200,,1
366,cand30878,walshcatherinea,CT,136,state:lower,2016,200,,1
367,cand30083,steinbergjonathanp,CT,136,state:lower,2016,100,I,1
368,cand31043,peronechris,CT,137,state:lower,2016,100,I,1
369,cand69018762,perpignandarline,CT,137,state:lower,2016,200,,1
370,cand69018712,fergusonmichaels,CT,138,state:lower,2016,200,,1
371,cand69018495,tomchikjeffreya,CT,138,state:lower,2016,100,,1
372,cand69018828,tarayajosephmarkc,CT,139,state:lower,2016,200,,1
373,cand30282,ryankevin,CT,139,state:lower,2016,100,I,1
374,cand30347,morrisbrucev,CT,140,state:lower,2016,100,I,1
375,cand31108,woodterriee,CT,141,state:lower,2016,200,I,1
376,cand30386,wilmsfred,CT,142,state:lower,2016,200,I,1
377,cand30155,laviellegail,CT,143,state:lower,2016,200,I,1
378,cand69018817,simmonscarolineb,CT,144,state:lower,2016,100,I,1
379,cand69018310,kolenbergstevenb,CT,144,state:lower,2016,200,,1
380,cand31091,millerpatriciabillie,CT,145,state:lower,2016,100,I,1
381,cand69018259,adamsterryb,CT,146,state:lower,2016,100,I,1
382,cand104490,tongwilliamm,CT,147,state:lower,2016,100,I,1
383,cand30993,foxdanielj,CT,148,state:lower,2016,100,I,1
384,cand30181,balestrierephilip,CT,148,state:lower,2016,200,,1
385,cand69019422,bocchinomike,CT,150,state:lower,2016,200,I,1
386,cand31110,camillofredf,CT,151,state:lower,2016,200,I,1
387,cand30248,fonfarajohnw,CT,1,state:upper,2016,100,I,1
388,cand30211,colemanericd,CT,2,state:upper,2016,100,I,1
389,cand69018945,tilletttheresa,CT,2,state:upper,2016,200,,1
390,cand69018344,mirekcarolyn,CT,3,state:upper,2016,200,,1
391,cand31093,larsontimothyd,CT,3,state:upper,2016,100,I,1
392,cand30087,cassanostephent,CT,4,state:upper,2016,100,I,1
393,cand69018701,marchettilorraineg,CT,4,state:upper,2016,200,,1
394,cand69019133,merrittmarka,CT,5,state:upper,2016,200,,1
395,cand31082,byebetha,CT,5,state:upper,2016,100,I,1
396,cand46298,gerratanaterry,CT,6,state:upper,2016,100,I,1
397,cand69018646,paonessacharlesr,CT,6,state:upper,2016,200,,1
398,cand30221,kisseljohna,CT,7,state:upper,2016,200,I,1
399,cand31098,hornishannie,CT,7,state:upper,2016,100,,1
400,cand31050,witkoskevind,CT,8,state:upper,2016,200,I,1
401,cand69018733,penadavid,CT,8,state:upper,2016,100,,1
402,cand123486,doyleforstatesenate,CT,9,state:upper,2016,100,I,1
403,cand31111,winfieldgarya,CT,10,state:upper,2016,100,I,1
404,cand30222,looneymartinm,CT,11,state:upper,2016,100,I,1
405,cand69018564,wilsonbrucehjr,CT,12,state:upper,2016,200,,1
406,cand123484,bartolomeodantejc,CT,13,state:upper,2016,100,I,1
407,cand30323,suziolen,CT,13,state:upper,2016,200,,1
408,cand31033,slossberggayles,CT,14,state:upper,2016,100,I,1
409,cand69018528,liberopatriciab,CT,14,state:upper,2016,200,,1
410,cand30259,hartleyjoanv,CT,15,state:upper,2016,100,I,1
411,cand69019237,rogersryanp,CT,16,state:upper,2016,100,,1
412,cand69018917,markleyjosephc,CT,16,state:upper,2016,200,I,1
413,cand30213,criscojosephj,CT,17,state:upper,2016,100,I,1
414,cand69019051,logangeorges,CT,17,state:upper,2016,200,,1
415,cand69018372,somersheather,CT,18,state:upper,2016,200,,1
416,cand127633,bowlestimothyr,CT,18,state:upper,2016,100,,1
417,cand30066,ostencatherinea,CT,19,state:upper,2016,100,I,1
418,cand69019006,crouchbarbarar,CT,19,state:upper,2016,200,,1
419,cand69019087,formicapaulm,CT,20,state:upper,2016,200,I,1
420,cand69019268,henowitzryanc,CT,20,state:upper,2016,100,,1
421,cand30163,kellykevinc,CT,21,state:upper,2016,200,I,1
422,cand69018731,palmerprez,CT,21,state:upper,2016,100,,1
423,cand30418,mooremarilynv,CT,22,state:upper,2016,100,I,1
424,cand30839,hammerselainea,CT,22,state:upper,2016,200,,1
425,cand69018274,garrettmichael,CT,23,state:upper,2016,200,,1
426,cand31045,gomesedwina,CT,23,state:upper,2016,100,I,1
427,cand31100,mclachlanmichaela,CT,24,state:upper,2016,200,I,1
428,cand69019021,guckerkennethm,CT,24,state:upper,2016,100,,1
429,cand31028,duffbob,CT,25,state:upper,2016,100,I,1
430,cand69018262,ehlersgregoryt,CT,25,state:upper,2016,200,,1
431,cand30919,bouchertoni,CT,26,state:upper,2016,200,I,1
432,cand69018468,bottinogino,CT,27,state:upper,2016,200,,1
433,cand31008,leonecarlo,CT,27,state:upper,2016,100,I,1
434,cand69019189,hwanganthony,CT,28,state:upper,2016,200,I,1
435,cand69019589,dwyerphilip,CT,28,state:upper,2016,100,,1
436,cand69019477,frenchjohne,CT,29,state:upper,2016,200,,1
437,cand31095,flexermaeme,CT,29,state:upper,2016,100,I,1
438,cand31061,minercraiga,CT,30,state:upper,2016,200,,1
439,cand69019241,lawsondavida,CT,30,state:upper,2016,100,,1
440,cand69019431,nicastromichaeld,CT,31,state:upper,2016,100,,1
441,cand69019285,martinhenrir,CT,31,state:upper,2016,200,I,1
442,cand69018491,cavagregoryj,CT,32,state:upper,2016,100,,1
443,cand31089,kanerobertj,CT,32,state:upper,2016,200,I,1
444,cand69019200,needlemannorman,CT,33,state:upper,2016,100,,1
445,cand123495,linaresart,CT,33,state:upper,2016,200,I,1
446,cand31025,fasanoleonarda,CT,34,state:upper,2016,200,I,1
447,cand30894,averyarlenef,CT,35,state:upper,2016,100,,1
448,cand30218,guglielmotony,CT,35,state:upper,2016,200,I,1
449,cand31106,frantzlscott,CT,36,state:upper,2016,200,I,1
450,cand31106,frantzlscott,CT,36,state:upper,2016,200,I,1
451,cand123402,blankleyjohnh,CT,36,state:upper,2016,100,,1
452,cand133142,rykersondeane,ME,1,state:lower,2016,100,I,1
453,cand68967618,moynahanjonathan,ME,2,state:lower,2016,200,,1
454,cand54888,lawrencemarkw,ME,2,state:lower,2016,100,,1
455,cand68968048,mantellpeterg,ME,3,state:lower,2016,200,,1
456,cand68967680,blumelydia,ME,3,state:lower,2016,100,I,1
457,cand68967572,hymansonpatricia,ME,4,state:lower,2016,100,I,1
458,cand68619,moultonbradleys,ME,4,state:lower,2016,200,,1
459,cand125541,plantejoshuar,ME,5,state:lower,2016,100,,1
460,cand69537,oconnorbetha,ME,5,state:lower,2016,200,I,1
461,cand68967994,govemanleyc,ME,6,state:lower,2016,200,,1
462,cand68967562,howardjoachim,ME,7,state:lower,2016,100,,1
463,cand68774,babbidgechristopherw,ME,8,state:lower,2016,100,I,1
464,cand68419,stedmanseaveyh,ME,9,state:lower,2016,200,I,1
465,cand68967513,denkdianem,ME,9,state:lower,2016,100,,1
466,cand69550,parrywayne,ME,10,state:lower,2016,200,I,1
467,cand68967995,morinreneep,ME,11,state:lower,2016,200,,1
468,cand68967942,flanagandonna,ME,12,state:lower,2016,200,,1
469,cand68968043,lauzonmatthew,ME,12,state:lower,2016,328,,1
470,cand68967595,grohmanmartinj,ME,12,state:lower,2016,100,I,1
471,cand68967822,colemanmichaele,ME,13,state:lower,2016,200,,1
472,cand68747,hogangeorge,ME,13,state:lower,2016,100,I,1
473,cand125493,johnstonjacobc,ME,14,state:lower,2016,328,,1
474,cand69021537,christenburyjeffreya,ME,14,state:lower,2016,200,,1
475,cand68966784,baileydonnaa,ME,14,state:lower,2016,100,,1
476,cand68968031,oneilmargaretm,ME,15,state:lower,2016,100,,1
477,cand68967911,bedellmark,ME,15,state:lower,2016,200,,1
478,cand68769,mareandonaldg,ME,16,state:lower,2016,200,I,1
479,cand68967959,payneriverl,ME,16,state:lower,2016,100,,1
480,cand68769,mareandonaldg,ME,16,state:lower,2016,200,,1
481,cand68968034,gibsongerryr,ME,17,state:lower,2016,100,,1
482,cand68967653,harringtonmatthewa,ME,19,state:lower,2016,200,,1
483,cand68967653,harringtonmatthewa,ME,19,state:lower,2016,200,I,1
484,cand68967931,lauzondanielj,ME,20,state:lower,2016,100,,1
485,cand68967428,gerrishkarena,ME,20,state:lower,2016,200,I,1
486,cand68967833,sampsonheidih,ME,21,state:lower,2016,200,,1
487,cand68968037,carrollaaronr,ME,21,state:lower,2016,100,,1
488,cand125498,kinneyjonathanl,ME,22,state:lower,2016,200,I,1
489,cand68967882,fitzgeraldrichardj,ME,22,state:lower,2016,100,,1
490,cand125498,kinneyjonathanl,ME,22,state:lower,2016,200,,1
491,cand68968075,smithpamelaj,ME,23,state:lower,2016,100,,1
492,cand68967502,ordwaylesters,ME,23,state:lower,2016,200,I,1
493,cand68967502,ordwaylesters,ME,23,state:lower,2016,200,I,1
494,cand68968016,martinbenjaminm,ME,24,state:lower,2016,200,,1
495,cand68797,bryantmarke,ME,24,state:lower,2016,100,I,1
496,cand68357,mattinglymatthewl,ME,26,state:lower,2016,200,,1
497,cand68968009,meansjamesd,ME,27,state:lower,2016,200,,1
498,cand125526,mcleanandrew,ME,27,state:lower,2016,100,I,1
499,cand68967972,caiazzochristopherj,ME,28,state:lower,2016,100,,1
500,cand68355,sirockiheatherw,ME,28,state:lower,2016,200,I,1
501,cand68967553,vachonkarenr,ME,29,state:lower,2016,200,I,1
502,cand68968066,kalikowtheodoraj,ME,29,state:lower,2016,100,,1
503,cand68968028,vansyckelgeorgew,ME,30,state:lower,2016,200,,1
504,cand125482,hamannscott,ME,32,state:lower,2016,100,I,1
505,cand145034,battlekevinj,ME,33,state:lower,2016,200,I,1
506,cand68967926,foxbrad,ME,33,state:lower,2016,100,,1
507,cand125473,gattineandrew,ME,34,state:lower,2016,100,I,1
508,cand69021531,bourquejamesr,ME,35,state:lower,2016,200,,1
509,cand68967198,batesdillon,ME,35,state:lower,2016,100,I,1
510,cand68127,farnsworthrichardr,ME,37,state:lower,2016,100,I,1
511,cand125531,moonenmattheww,ME,38,state:lower,2016,100,I,1
512,cand68967602,azzolajamesh,ME,41,state:lower,2016,200,,1
513,cand68967602,azzolajamesh,ME,41,state:lower,2016,200,,1
514,cand68967802,collingsbenjamint,ME,42,state:lower,2016,100,,1
515,cand68967975,sanbornheatherb,ME,43,state:lower,2016,100,,1
516,cand69021532,diamondkimberly,ME,44,state:lower,2016,200,,1
517,cand68967541,pierceteresas,ME,44,state:lower,2016,100,I,1
518,cand68967518,timmonsmichaelj,ME,45,state:lower,2016,200,I,1
519,cand68967547,dennodalej,ME,45,state:lower,2016,100,,1
520,cand68967941,hallsarahk,ME,46,state:lower,2016,100,,1
521,cand68967679,chacepaulb,ME,46,state:lower,2016,200,I,1
522,cand125436,cooperjanicee,ME,47,state:lower,2016,100,I,1
523,cand68967545,snowrichardv,ME,47,state:lower,2016,200,,1
524,cand125474,gideonsara,ME,48,state:lower,2016,100,I,1
525,cand68967559,stevensmichaelrene,ME,49,state:lower,2016,200,,1
526,cand68967353,tuckerralphl,ME,50,state:lower,2016,100,I,1
527,cand68967353,tuckerralphl,ME,50,state:lower,2016,100,I,1
528,cand68967806,mccreightjoycee,ME,51,state:lower,2016,100,I,1
529,cand68967956,weidnerbil,ME,52,state:lower,2016,200,,1
530,cand125430,dechantjennifer,ME,52,state:lower,2016,100,I,1
531,cand68967870,neilsonwilliaml,ME,53,state:lower,2016,100,,1
532,cand68967391,piercejeffreyk,ME,53,state:lower,2016,200,I,1
533,cand68967391,piercejeffreyk,ME,53,state:lower,2016,200,I,1
534,cand68967876,lyonsrutha,ME,54,state:lower,2016,200,,1
535,cand69725,teplerdenisea,ME,54,state:lower,2016,100,I,1
536,cand69833,berrysetha,ME,55,state:lower,2016,100,,1
537,cand68967934,masonginam,ME,56,state:lower,2016,200,,1
538,cand68967973,gaiasonscottn,ME,56,state:lower,2016,100,,1
539,cand68251,woodstephenj,ME,57,state:lower,2016,200,I,1
540,cand68967497,roymatthewp,ME,58,state:lower,2016,200,,1
541,cand68967977,handyjamesr,ME,58,state:lower,2016,100,,1
542,cand68967584,goldenjared,ME,60,state:lower,2016,100,I,1
543,cand68968015,padhamjefferym,ME,60,state:lower,2016,200,,1
544,cand69021524,millerstephenf,ME,61,state:lower,2016,200,,1
545,cand68967528,melaragnogina,ME,62,state:lower,2016,100,I,1
546,cand69404,leclairnathanpaul,ME,63,state:lower,2016,100,,1
547,cand69870,bickfordbrucea,ME,63,state:lower,2016,200,I,1
548,cand68968069,traversmichaelc,ME,64,state:lower,2016,200,,1
549,cand68141,esplingeleanor,ME,65,state:lower,2016,200,I,1
550,cand68967827,fayjessical,ME,66,state:lower,2016,100,,1
551,cand133124,powerschristineb,ME,68,state:lower,2016,100,I,1
552,cand68786,cebrarichardm,ME,68,state:lower,2016,200,,1
553,cand68967957,risemanwaltern,ME,69,state:lower,2016,328,,1
554,cand68967554,ginzlerphyllis,ME,69,state:lower,2016,200,I,1
555,cand68967488,wadsworthnathanj,ME,70,state:lower,2016,200,I,1
556,cand69878,rankinhelenee,ME,70,state:lower,2016,100,,1
557,cand68566,winsortomj,ME,71,state:lower,2016,200,,1
558,cand68043,bradleyjamesf,ME,72,state:lower,2016,100,,1
559,cand68967913,dillinghamkathleenrj,ME,72,state:lower,2016,200,I,1
560,cand68967485,herricklloydc,ME,73,state:lower,2016,200,I,1
561,cand68967947,coffmancheryl,ME,73,state:lower,2016,100,,1
562,cand68967485,herricklloydc,ME,73,state:lower,2016,200,I,1
563,cand68967840,rileychristina,ME,74,state:lower,2016,100,,1
564,cand68968061,corneliokeithr,ME,74,state:lower,2016,200,,1
565,cand68967968,buzzelljamesa,ME,75,state:lower,2016,100,,1
566,cand68967657,hilliardgaryl,ME,76,state:lower,2016,200,I,1
567,cand68967970,ducharmejille,ME,76,state:lower,2016,100,,1
568,cand68967390,tibbettsalan,ME,77,state:lower,2016,100,,1
569,cand68967939,twitchellbenjaminbiii,ME,78,state:lower,2016,200,,1
570,cand68163,nadeaucatherinem,ME,78,state:lower,2016,100,I,1
571,cand68967887,glowajohnmsr,ME,79,state:lower,2016,100,,1
572,cand125469,fowleloria,ME,80,state:lower,2016,100,I,1
573,cand68968040,bradstreetrichardt,ME,80,state:lower,2016,200,,1
574,cand68968010,hadleymiltonfiii,ME,81,state:lower,2016,200,,1
575,cand68172,hickmancraigv,ME,81,state:lower,2016,100,I,1
576,cand68967967,ackleykentf,ME,82,state:lower,2016,328,,1
577,cand125477,grantgaym,ME,83,state:lower,2016,100,I,1
578,cand68967564,dooredonnar,ME,85,state:lower,2016,100,I,1
579,cand132838,pouliotmatthew,ME,86,state:lower,2016,200,I,1
580,cand68967960,rosswendys,ME,87,state:lower,2016,100,,1
581,cand68967456,hanleyjefferyp,ME,87,state:lower,2016,200,I,1
582,cand68968067,torbertjamesr,ME,88,state:lower,2016,100,,1
583,cand68138,sandersondeborahj,ME,88,state:lower,2016,200,I,1
584,cand68967935,wolfwendyj,ME,89,state:lower,2016,328,,1
585,cand125484,hawkestephanie,ME,89,state:lower,2016,200,I,1
586,cand125484,hawkestephanie,ME,89,state:lower,2016,200,I,1
587,cand68160,devinmichaelg,ME,90,state:lower,2016,100,I,1
588,cand68968017,mayerrobertac,ME,90,state:lower,2016,200,,1
589,cand68967936,traskeatonemily,ME,91,state:lower,2016,100,,1
590,cand69659,simmonsabdens,ME,91,state:lower,2016,200,,1
591,cand68967576,sleepersonja,ME,92,state:lower,2016,200,,1
592,cand68967734,beebecenteranneh,ME,93,state:lower,2016,100,I,1
593,cand68967734,beebecenteranneh,ME,93,state:lower,2016,100,I,1
594,cand68967848,meilkathleene,ME,94,state:lower,2016,100,,1
595,cand68967429,casasowend,ME,94,state:lower,2016,328,,1
596,cand68967988,goldbergelinore,ME,95,state:lower,2016,100,,1
597,cand68967460,suttonpaulag,ME,95,state:lower,2016,200,,1
598,cand68967446,ryanharmonr,ME,96,state:lower,2016,200,,1
599,cand68157,herbigerind,ME,97,state:lower,2016,100,I,1
600,cand68967857,richardsonblaine,ME,97,state:lower,2016,200,,1
601,cand68967989,cuddyscottw,ME,98,state:lower,2016,100,,1
602,cand68967929,turneraprild,ME,99,state:lower,2016,100,,1
603,cand68967449,kinneymaryanne,ME,99,state:lower,2016,200,I,1
604,cand68967571,davittjamese,ME,101,state:lower,2016,100,,1
605,cand68967954,haggandavidg,ME,101,state:lower,2016,200,,1
606,cand68967850,hammillkimberlyc,ME,102,state:lower,2016,100,,1
607,cand68222,guerinstaceyk,ME,102,state:lower,2016,200,I,1
608,cand68222,guerinstaceyk,ME,102,state:lower,2016,200,I,1
609,cand68894,thomasricharda,ME,103,state:lower,2016,100,,1
610,cand125550,reedrogere,ME,103,state:lower,2016,200,I,1
611,cand145131,pearsondavidbrookes,ME,104,state:lower,2016,100,,1
612,cand68967366,stetkisjoel,ME,105,state:lower,2016,200,I,1
613,cand68967899,hartfordjoshuat,ME,105,state:lower,2016,100,,1
614,cand68967366,stetkisjoelr,ME,105,state:lower,2016,200,I,1
615,cand69021527,pelletiermichael,ME,107,state:lower,2016,328,,1
616,cand68967969,austinbettya,ME,107,state:lower,2016,100,,1
617,cand68967949,amadonannec,ME,107,state:lower,2016,200,,1
618,cand68258,picchiottijohnj,ME,108,state:lower,2016,200,I,1
619,cand68329,longstaffthomasrw,ME,109,state:lower,2016,100,I,1
620,cand68967925,madigancolleenm,ME,110,state:lower,2016,100,,1
621,cand133132,dorneyanne,ME,111,state:lower,2016,100,,1
622,cand125566,skolfieldthomash,ME,112,state:lower,2016,200,I,1
623,cand68967927,chassiebarbarar,ME,112,state:lower,2016,100,,1
624,cand68968068,scottlandryhjr,ME,113,state:lower,2016,100,,1
625,cand68363,harvelllancee,ME,113,state:lower,2016,200,,1
626,cand68967427,iversonguy,ME,114,state:lower,2016,100,,1
627,cand68262,blackrussellj,ME,114,state:lower,2016,200,I,1
628,cand68968008,martinjoseph,ME,115,state:lower,2016,200,,1
629,cand68967980,madiganjohnejr,ME,115,state:lower,2016,100,,1
630,cand68967519,pickettricharda,ME,116,state:lower,2016,200,I,1
631,cand69851,briggssherylj,ME,116,state:lower,2016,100,,1
632,cand68967466,headfrancesm,ME,117,state:lower,2016,200,I,1
633,cand68967814,pewsidneyj,ME,117,state:lower,2016,100,,1
634,cand68967382,stearnspaula,ME,119,state:lower,2016,200,I,1
635,cand68967433,higginsnorman,ME,120,state:lower,2016,200,I,1
636,cand68968022,evansricharda,ME,120,state:lower,2016,100,,1
637,cand68697,duchesneroberts,ME,121,state:lower,2016,100,I,1
638,cand69021526,paradisedwardl,ME,122,state:lower,2016,200,,1
639,cand68967607,dunphymichelle,ME,122,state:lower,2016,100,I,1
640,cand125579,tippingspitzryan,ME,123,state:lower,2016,100,I,1
641,cand125472,freyaaronm,ME,124,state:lower,2016,100,I,1
642,cand69738,turcottemichael,ME,125,state:lower,2016,328,,1
643,cand133115,kornfieldvictoriap,ME,125,state:lower,2016,100,I,1
644,cand68967601,capehartgarye,ME,125,state:lower,2016,200,,1
645,cand69088,damondouglask,ME,126,state:lower,2016,200,,1
646,cand125558,schneckjohnc,ME,126,state:lower,2016,100,I,1
647,cand68968079,veilleuxjohng,ME,127,state:lower,2016,200,,1
648,cand68967843,cardonebarbaraa,ME,127,state:lower,2016,100,,1
649,cand125585,verowarthurc,ME,128,state:lower,2016,100,I,1
650,cand68968073,craiggarrel,ME,128,state:lower,2016,200,,1
651,cand68967556,lyfordpetera,ME,129,state:lower,2016,200,I,1
652,cand68967387,montagueteresa,ME,129,state:lower,2016,100,,1
653,cand37117,campbellrichardh,ME,130,state:lower,2016,200,I,1
654,cand68967946,caldwelldorothyl,ME,131,state:lower,2016,100,,1
655,cand68968063,edsalldavidw,ME,132,state:lower,2016,200,,1
656,cand69021533,colwellnancy,ME,133,state:lower,2016,200,,1
657,cand68153,chapmanralph,ME,133,state:lower,2016,100,I,1
658,cand68152,kumiegawalteraiii,ME,134,state:lower,2016,100,I,1
659,cand125488,hubbellbrianl,ME,135,state:lower,2016,100,I,1
660,cand69451,malabyrichards,ME,136,state:lower,2016,200,I,1
661,cand125429,doakpeter,ME,138,state:lower,2016,200,,1
662,cand68967549,alleyrobertw,ME,138,state:lower,2016,100,I,1
663,cand68967795,tuellwill,ME,139,state:lower,2016,200,I,1
664,cand68968012,mortoncolleens,ME,139,state:lower,2016,100,,1
665,cand68702,perryannec,ME,140,state:lower,2016,100,,1
666,cand68967950,mooremarianne,ME,140,state:lower,2016,200,,1
667,cand68968033,annbetzlee,ME,142,state:lower,2016,100,,1
668,cand68524,stanleystephens,ME,143,state:lower,2016,100,I,1
669,cand68615,shermanrogerl,ME,144,state:lower,2016,200,I,1
670,cand68967952,johansenchrisa,ME,145,state:lower,2016,200,,1
671,cand68968065,monahanrosemaryz,ME,146,state:lower,2016,100,,1
672,cand68967832,stewartharoldliii,ME,147,state:lower,2016,200,,1
673,cand68967667,edgecombanthonyj,ME,148,state:lower,2016,200,I,1
674,cand125523,mcelweecarola,ME,149,state:lower,2016,200,I,1
675,cand68967915,rivardginettem,ME,149,state:lower,2016,100,,1
676,cand68410,martinjohnl,ME,151,state:lower,2016,100,I,1
677,cand68967826,dalejacksontroy,ME,1,state:upper,2016,100,,1
678,cand68967486,carpentermichaele,ME,2,state:upper,2016,100,,1
679,cand68213,longrickyd,ME,2,state:upper,2016,200,,1
680,cand68302,whittemorerodneyl,ME,3,state:upper,2016,200,I,1
681,cand68967847,mccabejeffm,ME,3,state:upper,2016,100,,1
682,cand68622,davispaultsr,ME,4,state:upper,2016,200,I,1
683,cand68622,davispault,ME,4,state:upper,2016,200,I,1
684,cand68148,dilljamesf,ME,5,state:upper,2016,100,I,1
685,cand68226,makerjoycea,ME,6,state:upper,2016,200,,1
686,cand68967845,alleyrocka,ME,6,state:upper,2016,100,,1
687,cand68967836,oneillmoirak,ME,7,state:upper,2016,100,,1
688,cand69863,langleybriand,ME,7,state:upper,2016,200,I,1
689,cand68782,rosenkimberleyc,ME,8,state:upper,2016,200,I,1
690,cand68968027,laurencewilleynjr,ME,9,state:upper,2016,200,,1
691,cand125478,gratwickgeoffreym,ME,9,state:upper,2016,100,I,1
692,cand68967841,marbledennisr,ME,10,state:upper,2016,328,,1
693,cand125454,cushingandreeiii,ME,10,state:upper,2016,200,I,1
694,cand69845,thibodeaumichaeld,ME,11,state:upper,2016,200,I,1
695,cand69845,thibodeaumichaeld,ME,11,state:upper,2016,200,I,1
696,cand68743,miramantdavid,ME,12,state:upper,2016,100,I,1
697,cand243,emerydavidf,ME,12,state:upper,2016,200,,1
698,cand68197,johnsonchristopherk,ME,13,state:upper,2016,100,I,1
699,cand68741,dowdanal,ME,13,state:upper,2016,200,,1
700,cand68967986,pietroskijosephj,ME,14,state:upper,2016,328,,1
701,cand68968004,cutchenbryanp,ME,14,state:upper,2016,200,,1
702,cand69021534,diltshenryk,ME,15,state:upper,2016,100,,1
703,cand68300,katzrogerj,ME,15,state:upper,2016,200,I,1
704,cand68967687,cyrwayscottw,ME,16,state:upper,2016,200,I,1
705,cand69873,beckhenryem,ME,16,state:upper,2016,100,,1
706,cand68770,saviellothomasb,ME,17,state:upper,2016,200,I,1
707,cand125496,keimlisam,ME,18,state:upper,2016,200,,1
708,cand68732,patrickjohnl,ME,18,state:upper,2016,100,I,1
709,cand68815,hamperjamesm,ME,19,state:upper,2016,200,I,1
710,cand68967914,chisarijoseph,ME,19,state:upper,2016,100,,1
711,cand68967908,sampsonkimberly,ME,20,state:upper,2016,100,,1
712,cand68967355,brakeyericl,ME,20,state:upper,2016,200,I,1
713,cand125510,libbynathanl,ME,21,state:upper,2016,100,I,1
714,cand68968071,coffintristamw,ME,24,state:upper,2016,200,,1
715,cand68967851,breencathye,ME,25,state:upper,2016,100,I,1
716,cand68968019,bartonladdcharles,ME,25,state:upper,2016,200,,1
717,cand68968030,mcdonaldryanr,ME,26,state:upper,2016,200,,1
718,cand68967392,williamdiamondgeorge,ME,26,state:upper,2016,100,I,1
719,cand68344,chipmanbenjamin,ME,27,state:upper,2016,100,I,1
720,cand68967868,bakerseth,ME,27,state:upper,2016,400,,1
721,cand68331,dionmarkn,ME,28,state:upper,2016,100,,1
722,cand125529,millettrebecca,ME,29,state:upper,2016,100,I,1
723,cand68967965,macauslanmartha,ME,29,state:upper,2016,328,,1
724,cand68280,volkamyf,ME,30,state:upper,2016,200,I,1
725,cand125559,sevignytimothyn,ME,31,state:upper,2016,200,,1
726,cand125442,chenettejustinm,ME,31,state:upper,2016,100,,1
727,cand69021536,stonemattheww,ME,32,state:upper,2016,200,,1
728,cand68967879,deschambaultsusana,ME,32,state:upper,2016,100,I,1
729,cand68967879,deschambaultsusana,ME,32,state:upper,2016,100,I,1
730,cand68967665,woodsomedavidc,ME,33,state:upper,2016,200,I,1
731,cand68595,bolandandream,ME,33,state:upper,2016,100,,1
732,cand68967987,kilbournjonathan,ME,34,state:upper,2016,100,,1
733,cand68603,collinsronaldf,ME,34,state:upper,2016,200,I,1
734,cand69813,hilldawn,ME,35,state:upper,2016,100,I,1
735,cand68968014,shorttheodorg,ME,35,state:upper,2016,200,,1